,TOTAL,day_sin,day_cos
0,0.045806243619364896,0.5086067577787649,0.9999259182325313
1,0.1547807748105959,0.5172109651894509,0.9997036948821509
2,0.08364005158239751,0.5258100726197082,0.9993333957984337
3,0.544567057116759,0.5344015319684213,0.9988151307089901
4,0.5747575358658858,0.5429827974007664,0.998149053186951
5,0.5845803557036162,0.5515513261025968,0.9973353606054616
6,0.5513473214765462,0.5601045790339343,0.9963742940791944
7,0.565398151630756,0.568640021681341,0.9952661383929027
8,0.19967358014077696,0.5771551248089505,0.9940112219170325
9,0.08856657353178228,0.5856473652079351,0.9926099165104187
10,0.5591955026597174,0.5941142264441872,0.9910626374100961
11,0.5839960238568589,0.6025531996039925,0.9893698431082549
12,0.564739938745903,0.6109617840374757,0.9875320352163806
13,0.5587354252861212,0.6193374880995972,0.9855497583166143
14,0.548476035677825,0.6276778298884809,0.9834235998003826
15,0.18505856751383593,0.6359803379808553,0.9811541896943403
16,0.08829455698242974,0.6442425521643901,0.9787422004736794
17,0.5392140400838215,0.6524620241667093,0.9761883468628612
18,0.5398353124496266,0.6606363183808678,0.973493385623827
19,0.5331020632959004,0.6687630125870745,0.9706581153317544
20,0.532621836548278,0.6768396986704475,0.9676833761384206
21,0.5068507871688787,0.6848639833345911,0.964570049523249
22,0.17348275213583367,0.6928334888107812,0.9613190580321067
23,0.08393893396378486,0.7007458535625491,0.9579313650039347
24,0.524528504647789,0.7085987329854562,0.9544079742852897
25,0.5374207457954974,0.7163898001018502,0.9507499299328823
26,0.5487077534791253,0.7241167462503997,0.9469583159042017
27,0.5157803180914513,0.7317772817701996,0.9430342557363139
28,0.522745285046478,0.7393691366792478,0.9389789122129351
29,0.19198995217881898,0.7468900613470886,0.9347934870198725
30,0.09356361829025846,0.7543378271614284,0.9304792203889399
31,0.5629432862285746,0.7617102271885206,0.9260373907304493
32,0.5744519370264898,0.7690050768271273,0.9214693142543914
33,0.5840799795819677,0.7762202144558652,0.9167763445804129
34,0.575321718338617,0.7833535020737393,0.9119598723367108
35,0.5727291655472571,0.7904028259336795,0.9070213247479592
36,0.1944448175810005,0.7973660971688894,0.9019621652123908
37,0.08373744022352372,0.8042412524118221,0.896783892868162
38,0.10465249046262963,0.8110262544056012,0.8914880421491244
39,0.10879654505400033,0.8177190926077036,0.8860761823301398
40,0.591985250658213,0.8243177837857267,0.8805499170620704
41,0.5920759228413305,0.830820372605063,0.8749108838965814
42,0.5723362527537479,0.8372249322083081,0.8691607538009003
43,0.18611640965020687,0.8435295647862298,0.8633012306626722
44,0.10074015367255924,0.8497324021401301,0.8573340507850618
45,0.5711608726022246,0.8558316062354328,0.8512609823722492
46,0.5781762129923165,0.8618253697463331,0.8450838250054729
47,0.583901993444737,0.8677119165913463,0.8388044091097743
48,0.6049681639890389,0.8734895024596006,0.8324245954116043
49,0.5570227284939016,0.8791564153277123,0.8259462743874494
50,0.21697181774219548,0.8847109759670968,0.8193713657036427
51,0.09956477352103595,0.8901515384415595,0.8127018176475251
52,0.6040681586158724,0.8954764905950221,0.8059396065501266
53,0.6165540540540542,0.9006842545292396,0.7990867362005357
54,0.5998905217344582,0.9057732870713657,0.792145237252134
55,0.6319918327870615,0.9107420802312278,0.7851171666208698
56,0.5775851646875504,0.9155891616481773,0.7780046068757491
57,0.2261297082370641,0.9203130950273817,0.7708096656217264
58,0.10027671806995864,0.9249124805654299,0.7635344748751745
59,0.6209298264467251,0.9293859553651242,0.7561811904321232
60,0.6108383482886466,0.933732193839336,0.7487519912294498
61,0.6527927032400194,0.9379499081038059,0.7412490786992133
62,0.6595897587448284,0.9420378483587714,0.7336746761163224
63,0.6585890065015314,0.94599480325931,0.7260310279397317
64,0.24272271774756865,0.9498196002742868,0.7183203991473593
65,0.10792004728386438,0.9535111060338004,0.7105450745649252
66,0.6634550803288378,0.9570682266650248,0.7027073581889085
67,0.6880406748697008,0.960489908116348,0.6948095725038232
68,0.662474477459567,0.9637751364697102,0.6868540577940161
69,0.6772338939336952,0.9669229382410494,0.6788431714501895
70,0.6739730535704691,0.9699323806687654,0.6707792872708563
71,0.2632347805061523,0.9728025719901178,0.6626647947589317
72,0.11529471817742196,0.9755326617054743,0.6545020984136722
73,0.6816835473644619,0.978121840830332,0.6462936170181702
74,0.7312442910106927,0.9805693421350374,0.6380417829226168
75,0.7368693245929827,0.9828744403721322,0.6297490413235436
76,0.6910026328515395,0.9850364524912609,0.6214178495392584
77,0.6283347214013218,0.9870547378415724,0.6130506762816887
78,0.26782547955510183,0.9889286983615594,0.6046500009248492
79,0.11984511847831927,0.9906577787562763,0.5962183127701497
80,0.6944515340390093,0.9922414666618854,0.5877581103087609
81,0.7162531567352641,0.9936792927974818,0.5792719004812584
82,0.6005520928483156,0.9949708311041505,0.5707621979347612
83,0.29141032185266774,0.9961156988712176,0.5622315242777888
84,0.12523843425930903,0.9971135568496556,0.5536824073330523
85,0.20984229756595563,0.9979641093526098,0.5451173803884077
86,0.1027618075331793,0.9986671043430171,0.5365389814461872
87,0.6909186771264306,0.9992223335082902,0.5279497524711341
88,0.6991732040191285,0.9996296323220442,0.5193522386371644
89,0.7153397184460804,0.9998888800928506,0.5107489875731771
90,0.6984008113481275,0.9999999999999998,0.5021425486081356
91,0.6607886464993822,0.9999629591162654,0.49353547201564735
92,0.18866530546451024,0.9997777684176605,0.48493030825826255
93,0.12264588146794907,0.9994444827801856,0.4763296072317173
94,0.6896358336467681,0.9989632009635683,0.4677359175093442
95,0.7300857020041911,0.9983340655819977,0.45915178558687486
96,0.729293159959164,0.997557263061865,0.45057975512785853
97,0.7433137660523347,0.9966330235865221,0.44202236620992
98,0.728272258341841,0.9955616210280718,0.43348215457207917
99,0.28942225028209123,0.9943433728662154,0.4249616508633572
100,0.1155734511847832,0.9929786400941749,0.41646337989289034
101,0.7338838590081136,0.9914678271117241,0.40798985988177516
102,0.7477802106281233,0.9898113816053558,0.3995436017168643
103,0.720313255601526,0.9880097944156222,0.3911271082067372
104,0.7437201117618614,0.9860635993916893,0.3827428733400637
105,0.6858981247649241,0.983973373233145,0.3743933815465815
106,0.2694441459351996,0.9817397353191111,0.3660811069609059
107,0.10436368276825533,0.979363347524707,0.35780851268938996
108,0.7481261082155715,0.976844914024923,0.3495780500802537
109,0.7318689216055022,0.9741851810859572,0.3413921579971959
110,0.7737762613508141,0.9713849368440814,0.33325326209670714
111,0.7486466337112461,0.9684450110720986,0.3251637741092943
112,0.7379943313094407,0.9653662749334637,0.3171260911248336
113,0.28810246628338076,0.9621496407241392,0.30914259488226065
114,0.12045631615711139,0.9587960616022619,0.3012156510638099
115,0.7050366718607276,0.9553065313057022,0.2933476085940126
116,0.7366476814786954,0.9516820838575968,0.2855407989436587
117,0.738921202514642,0.9479237932599466,0.2777975354389322
118,0.734508489602923,0.9440327731753663,0.270120112575923
119,0.7032702434044383,0.9400101765970821,0.2625108053407177
120,0.2974584922895062,0.9358571955072745,0.25497186853527226
121,0.11522419536833056,0.9315750605238697,0.247505536109266
122,0.7287054698834023,0.9271650405358791,0.2401140204981333
123,0.7520653108376767,0.922628442327401,0.23279951196747167
124,0.7649911342754285,0.9179666101903925,0.22556417796401879
125,0.7844755789586805,0.9131809255263262,0.2184101624733909
126,0.7519746386545592,0.9082728064368519,0.21133958538477465
127,0.33853299124173875,0.9032437073035816,0.2043545418627567
128,0.135820213852023,0.8980951183571253,0.1974571017264823
129,0.7308614529041965,0.8928285652355034,0.19064930883632264
130,0.7491503680618989,0.8874456085320672,0.1839331804882352
131,0.7570052657030789,0.8819478433330622,0.17731070681599587
132,0.7750389554564505,0.8763368987449679,0.17078385020147802
133,0.7158434527967332,0.8706144374117601,0.16435454469315786
134,0.29265622481328246,0.8647821550222323,0.1580246954330129
135,0.10939430981677503,0.8588417798075278,0.15179617809198875
136,0.7256394068024288,0.8527950720290267,0.1456708383141958
137,0.7389447101176724,0.8466438234567419,0.13965049117000577
138,0.7470581913921874,0.8403898568383805,0.1337369206182072
139,0.7538653215840095,0.8340350253592232,0.12793187897738006
140,0.7453891515770245,0.8275812120929855,0.12223708640664543
141,0.29163532319595936,0.8210303294438234,0.11665423039594591
142,0.13223026704637042,0.8143843185796448,0.11118496526600502
143,0.734508489602923,0.8076451488569019,0.10583091167811753
144,0.7620526838966204,0.8008148172370266,0.1005936561539113
145,0.15882744076084038,0.7938953476946886,0.09547475060522748
146,0.7511014991134276,0.7868887906180473,0.09047571187425496
147,0.7293267422492076,0.7797972222011789,0.08559802128405802
148,0.2755225404330772,0.7726227438288538,0.08084312419962775
149,0.10158306915265167,0.7653674814538514,0.07621242959958924
150,0.7262203804201817,0.7580335849669948,0.07170730965869104
151,0.7462219923701038,0.7506232275600918,0.06732909934120018
152,0.7510746332813928,0.7431386050819703,0.06307909600532302
153,0.7657064370533556,0.7355819353878023,0.05895855901877095
154,0.808181317500403,0.7279554576819043,0.05496870938558124
155,0.26760383644081454,0.7202614318542135,0.051110729384308384
156,0.13541722637150072,0.7125021378106332,0.04738576221768864
157,0.7559642147117297,0.7046798747974478,0.043794911673884884
158,0.7625295524152383,0.6967969607200065,0.0403392417994104
159,0.7682788404706894,0.6888557314558776,0.0370197765838281
160,0.763993740261136,0.6808585401626779,0.03383749965632149
161,0.7742094728923755,0.6728077565807811,0.030793353994223338
162,0.3090376658965128,0.6647057663311123,0.027888241643591327
163,0.13157205416151738,0.6565549702082383,0.025123023451912363
164,0.7489119338025899,0.6483577834689584,0.02249851881301501
165,0.769323249691043,0.6401166351166132,0.020015505424265112
166,0.8646600128955995,0.6318339671813187,0.017674719056117782
167,0.8118753694051906,0.6235122339963383,0.0154768533340921
168,0.2061650368061899,0.6151539014708124,0.01342255953323529
169,0.2836259470205792,0.606761446359056,0.011512446385135933
170,0.12311267529955404,0.5983373555266427,0.009747079897543365
171,0.12928174198054915,0.5898841252134929,0.008126983186647563
172,0.7531701681801086,0.581404260294184,0.006652636322068639
173,0.7561892160550213,0.5729002735357023,0.005324476184601412
174,0.7632381387351567,0.564374684852855,0.0041428963367586835
175,0.7601687174251788,0.5558300205615664,0.0031082469061500806
176,0.28305504808983933,0.5472688126302745,0.00222083448173116
177,0.10545846542367418,0.538693597929656,0.0014809220229555775
178,0.63192130997797,0.5301069174808948,0.0008887287818532541
179,0.7493955187792166,0.5215113157027236,0.00044443023806217674
180,0.7581168395035195,0.5129093396574573,0.0001481580468296051
181,0.7495264897103864,0.5043035382962442,5.551115123125783e-17
182,0.7417857718553544,0.495696461703756,0.0
183,0.26898742679060766,0.4870906603425429,0.0001481580468296606
184,0.09991067110848424,0.4784886842972765,0.00044443023806217674
185,0.7034415130836603,0.46989308251910517,0.0008887287818532541
186,0.7551246574606416,0.4613064020703438,0.0014809220229555775
187,0.7739743968620709,0.45273118736972534,0.00222083448173116
188,0.806455187792166,0.44416997943843384,0.0031082469061499696
189,0.22989764117994735,0.4356253151471452,0.0041428963367586835
190,0.21995056686905595,0.427099726464298,0.005324476184601357
191,0.13085003492558164,0.41859573970581615,0.006652636322068584
192,0.7438208586319919,0.4101158747865071,0.008126983186647563
193,0.7670497286550965,0.4016626444733573,0.009747079897543365
194,0.76441351888668,0.393238553640944,0.011512446385135877
195,0.790849497608941,0.3848460985291876,0.01342255953323529
196,0.7585198269840417,0.37648776600366174,0.0154768533340921
197,0.3041178604051367,0.3681660328186811,0.017674719056117782
198,0.1396553113749933,0.35988336488338657,0.020015505424265168
199,0.6816835473644619,0.3516422165310418,0.0224985188130149
200,0.7090027403148677,0.3434450297917617,0.025123023451912307
201,0.6948444468325184,0.33529423366888766,0.02788824164359127
202,0.6689390682929451,0.327192243419219,0.030793353994223283
203,0.6704435548868949,0.31914145983732206,0.033837499656321435
204,0.2967062489925313,0.31114426854412236,0.0370197765838281
205,0.14172398044167428,0.3032030392799935,0.04033924179941034
206,0.5916964429638386,0.29532012520255224,0.043794911673884884
207,0.5740590242329806,0.28749786218936674,0.04738576221768859
208,0.6800951050454033,0.2797385681457863,0.051110729384308384
209,0.6686066036215143,0.2720445423180955,0.054968709385581294
210,0.6858578260168718,0.2644180646121975,0.058958559018771006
211,0.29031218096824457,0.2568613949180295,0.06307909600532308
212,0.1088402020310569,0.2493767724399082,0.06732909934120013
213,0.7115885766482188,0.2419664150330051,0.07170730965869099
214,0.7428637633657516,0.23463251854614864,0.07621242959958918
215,0.7410738273064318,0.22737725617114624,0.08084312419962769
216,0.7661060663048735,0.22020277779882103,0.08559802128405797
217,0.7490764870238033,0.2131112093819526,0.09047571187425485
218,0.3163485304389877,0.20610465230531122,0.09547475060522753
219,0.17718352049862984,0.1991851827629732,0.10059365615391136
220,0.7519007576164635,0.19235485114309792,0.10583091167811759
221,0.7715161732308851,0.185615681420355,0.11118496526600502
222,0.7833539304712268,0.17896967055617663,0.1166542303959458
223,0.7963435602600614,0.17241878790701437,0.12223708640664532
224,0.7862990973080437,0.1659649746407768,0.12793187897737995
225,0.3031406157648702,0.15961014316161948,0.13373692061820708
226,0.15010612003653753,0.15335617654325812,0.1396504911700055
227,0.15607369297727153,0.14720492797097345,0.14567083831419553
228,0.7733665574122831,0.1411582201924722,0.15179617809198848
229,0.7830550480898394,0.1352178449777675,0.15802469543301295
230,0.7976264037397239,0.1293855625882399,0.1643545446931577
231,0.7126397023265811,0.12366310125503205,0.1707838502014779
232,0.32082504970178927,0.11805215666693764,0.17731070681599587
233,0.14328891515770245,0.11255439146793267,0.1839331804882351
234,0.762583284079308,0.10717143476449664,0.19064930883632253
235,0.7818393691902639,0.10190488164287481,0.197457101726482
236,0.7817083982590941,0.09675629269641833,0.2043545418627566
237,0.7589496802965988,0.09172719356314812,0.21133958538477432
238,0.7653403900918813,0.08681907447367371,0.2184101624733908
239,0.23080772124012683,0.08203338980960773,0.22556417796401823
240,0.13347281177798076,0.07737155767259885,0.23279951196747167
241,0.7642489656654667,0.07283495946412089,0.24011402049813318
242,0.7797001773144915,0.0684249394761301,0.24750553610926607
243,0.7861143947128043,0.06414280449272541,0.2549718685352721
244,0.7619888775455377,0.059989823402917974,0.2625108053407176
245,0.7469272204610178,0.05596722682463384,0.2701201125759227
246,0.30787236043200256,0.05207620674005342,0.2777975354389321
247,0.1283414378593305,0.04831791614240333,0.28554079894365836
248,0.7083378109720059,0.0446934686942978,0.29334760859401254
249,0.7148057600343883,0.04120393839773806,0.30121565106380954
250,0.7779572564612327,0.03785035927586067,0.3091425948822607
251,0.7996849981193919,0.03463372506653628,0.3171260911248335
252,0.7931633173929398,0.03155498892790132,0.3251637741092944
253,0.31759779162860674,0.028615063155918552,0.333253262096707
254,0.16737749180592124,0.025814818914042637,0.341392157997196
255,0.7263849336413949,0.02315508597507704,0.34957805008025344
256,0.7952487776046425,0.020636652475292894,0.35780851268938985
257,0.7870949975820752,0.018260264680888927,0.36608110696090557
258,0.8148171780130031,0.01602662676685479,0.3743933815465814
259,0.7465275912094999,0.01393640060831064,0.38274287334006335
260,0.31371232067057114,0.0119902055843778,0.39112710820673696
261,0.15222852076728818,0.0101886183946443,0.3995436017168642
262,0.7659683789156951,0.00853217288827579,0.4079898598817753
263,0.768312422760733,0.007021359905824975,0.41646337989289023
264,0.7356099887163506,0.005656627133784453,0.42496165086335713
265,0.7782158400945678,0.004438378971928059,0.4334821545720789
266,0.7718620708183334,0.0033669764134778846,0.4420223662099199
267,0.3002794046531621,0.002442736938134904,0.4505797551278582
268,0.14721468486379025,0.0016659344180022795,0.4591517855868746
269,0.7299614475310301,0.0010367990364315571,0.4677359175093442
270,0.7703844500564183,0.0005555172198142833,0.4763296072317171
271,0.7719191607114073,0.00022223158233936058,0.48493030825826244
272,0.7666333082585568,3.704088373446268e-05,0.4935354720156473
273,0.7621399978507335,0.0,0.5021425486081353
274,0.31338321422814464,0.00011111990714929298,0.5107489875731771
275,0.11963019182204074,0.00037036767795567416,0.5193522386371642
276,0.7483343184138413,0.0007776664917097942,0.5279497524711338
277,0.7683191392187416,0.001332895656982802,0.5365389814461872
278,0.7008321691472785,0.0020358906473900706,0.5451173803884075
279,0.7909569609370803,0.002886443150344309,0.5536824073330523
280,0.7611224544624148,0.0038843011287821305,0.5622315242777886
281,0.3225612540970394,0.005029168895849312,0.5707621979347612
282,0.18180780183762293,0.00632070720251815,0.5792719004812584
283,0.14576392993391007,0.007758533338114437,0.5877581103087607
284,0.8052965987856645,0.009342221243723692,0.5962183127701497
285,0.762764628445543,0.011071301638440556,0.6046500009248494
286,0.7941741443232497,0.01294526215842745,0.6130506762816886
287,0.8039700983289453,0.014963547508738961,0.6214178495392584
288,0.2839651281500188,0.017125559627867604,0.6297490413235434
289,0.13488326795980873,0.01943065786496251,0.6380417829226168
290,0.758445945945946,0.021878159169667732,0.64629361701817
291,0.767187416044275,0.024467338294525576,0.6545020984136721
292,0.7706732577507927,0.027197428009881952,0.6626647947589315
293,0.7774132233625276,0.030067619331234585,0.6707792872708566
294,0.7880722422223417,0.03307706175895048,0.6788431714501895
295,0.33988971575949706,0.036224863530289586,0.6868540577940161
296,0.14531392724732686,0.03951009188365184,0.6948095725038231
297,0.7546780130030628,0.042931773334975165,0.7027073581889085
298,0.784472220729676,0.046488893966199485,0.710545074564925
299,0.7569045188329483,0.05018039972571303,0.7183203991473592
300,0.8055182418999517,0.05400519674068971,0.7260310279397315
301,0.7717277416581593,0.057962151641228477,0.7336746761163223
302,0.28757186610069313,0.062050091896193815,0.7412490786992129
303,0.15654384503788082,0.06626780616066374,0.7487519912294495
304,0.7099665520391167,0.07061404463487558,0.7561811904321231
305,0.6774656117349955,0.07508751943457004,0.7635344748751746
306,0.7458290795765945,0.07968690497261816,0.7708096656217263
307,0.7600175971199828,0.08441083835182267,0.7780046068757491
308,0.780086373649992,0.08925791976877201,0.7851171666208696
309,0.29935924990596957,0.09422671292863422,0.7921452372521339
310,0.0764299339100532,0.09931574547076011,0.7990867362005354
311,0.7161792756971684,0.10452350940497773,0.8059396065501265
312,0.744307801837623,0.10984846155844014,0.8127018176475248
313,0.7434480952125088,0.11528902403290286,0.8193713657036424
314,0.7550474181935415,0.12084358467228756,0.8259462743874493
315,0.7380850034925582,0.12651049754039945,0.8324245954116043
316,0.3015958304228682,0.13228808340865345,0.8388044091097742
317,0.10792004728386438,0.13817463025366689,0.8450838250054729
318,0.724030815109344,0.14416839376456686,0.851260982372249
319,0.7376114932029446,0.15026759785986976,0.8573340507850618
320,0.7420275643436678,0.15647043521376985,0.8633012306626718
321,0.7524279995701467,0.16277506779169165,0.8691607538009001
322,0.7823296706248993,0.16917962739493658,0.8749108838965811
323,0.3014883670947289,0.17568221621427305,0.8805499170620702
324,0.13451386276932997,0.1822809073922963,0.8860761823301397
325,0.7087240073075064,0.18897374559439845,0.891488042149124
326,0.7323961635591855,0.19575874758817768,0.8967838928681618
327,0.7356570039224115,0.20263390283111016,0.9019621652123906
328,0.753774649400892,0.2095971740663201,0.907021324747959
329,0.7449391488904412,0.21664649792626012,0.9119598723367106
330,0.27625127612702166,0.2237797855441344,0.9167763445804127
331,0.13942695180269735,0.23099492317287285,0.9214693142543915
332,0.13444669818924293,0.2382897728114794,0.9260373907304493
333,0.7421585352748375,0.2456621728385716,0.93047922038894
334,0.7703609424533878,0.2531099386529112,0.9347934870198724
335,0.7821584009456773,0.26063086332075225,0.9389789122129352
336,0.7592687120520123,0.2682227182298001,0.9430342557363138
337,0.2972805061522755,0.2758832537496002,0.9469583159042017
338,0.12437872763419484,0.2836101998981495,0.9507499299328823
339,0.7416245768631455,0.29140126701454366,0.9544079742852896
340,0.8333310945139971,0.2992541464374504,0.9579313650039346
341,5.708989307398851e-05,0.3071665111892185,0.9613190580321067
342,0.1800514480683467,0.3151360166654088,0.964570049523249
343,0.1765958304228682,0.3231603013295522,0.9676833761384205
344,0.26058177959271395,0.33123698741292534,0.9706581153317544
345,0.11370963408736769,0.3393636816191318,0.973493385623827
346,0.7497313416796519,0.3475379758332905,0.9761883468628612
347,0.7654444951910161,0.35575744783560936,0.9787422004736793
348,0.7731885712750525,0.3640196620191447,0.9811541896943403
349,0.7609646176992102,0.37232217011151847,0.9834235998003825
350,0.7592955778840471,0.38066251190040273,0.9855497583166144
351,0.31525038955456447,0.3890382159625236,0.9875320352163804
352,0.10944804148084467,0.39744680039600744,0.9893698431082549
353,0.3959620654451668,0.40588577355581285,0.9910626374100961
354,0.8286329321369084,0.41435263479206463,0.9926099165104187
355,0.7900737467089356,0.4228448751910494,0.9940112219170325
356,0.7625564182472732,0.4313599783186587,0.9952661383929027
357,0.6815156359142444,0.43989542096606554,0.9963742940791944
358,0.17827494492504434,0.4484486738974028,0.9973353606054616
359,0.05131709741550696,0.4570172025992334,0.998149053186951
360,0.5902053892859063,0.4655984680315781,0.9988151307089901
361,0.670873408199452,0.4741899273802914,0.9993333957984337
362,0.6688819783998711,0.48278903481054897,0.9997036948821509
363,0.6619371608188707,0.4913932422212347,0.9999259182325313
364,0.5306841384127667,0.5000000000000002,1.0
365,0.13718701305679437,0.5086067577787645,0.9999259182325313
366,0.046279753908978566,0.5086067577787649,0.9999259182325313
367,0.41047297297297297,0.5172109651894509,0.9997036948821509
368,0.44378660469614745,0.5258100726197082,0.9993333957984337
369,0.47566291440545916,0.5344015319684213,0.9988151307089901
370,0.4853245392509806,0.5429827974007664,0.998149053186951
371,0.4706524367309656,0.5515513261025968,0.9973353606054616
372,0.15452890763526947,0.5601045790339343,0.9963742940791944
373,0.07211460963946054,0.568640021681341,0.9952661383929027
374,0.45564786953951963,0.5771551248089505,0.9940112219170325
375,0.5003559722744614,0.5856473652079351,0.9926099165104187
376,0.4849349846864757,0.5941142264441872,0.9910626374100961
377,0.4735405136747085,0.6025531996039925,0.9893698431082549
378,0.4519034441996669,0.6109617840374757,0.9875320352163806
379,0.16375732093922948,0.6193374880995972,0.9855497583166143
380,0.07057989898447155,0.6276778298884809,0.9834235998003826
381,0.43771492665627854,0.6359803379808553,0.9811541896943403
382,0.4631199290742034,0.6442425521643901,0.9787422004736794
383,0.46463113212616197,0.6524620241667093,0.9761883468628612
384,0.46745876094782657,0.6606363183808678,0.973493385623827
385,0.4399414324861641,0.6687630125870745,0.9706581153317544
386,0.14954865402181505,0.6768396986704475,0.9676833761384206
387,0.07624858954381818,0.6848639833345911,0.964570049523249
388,0.434124979850626,0.6928334888107812,0.9613190580321067
389,0.4413384557519746,0.7007458535625491,0.9579313650039347
390,0.45902624791789803,0.7085987329854562,0.9544079742852897
391,0.4567628015689646,0.7163898001018502,0.9507499299328823
392,0.45002619418623396,0.7241167462503997,0.9469583159042017
393,0.15706437053355543,0.7317772817701996,0.9430342557363139
394,0.07990905915856214,0.7393691366792478,0.9389789122129351
395,0.44644632206759444,0.7468900613470886,0.9347934870198725
396,0.4524474772983719,0.7543378271614284,0.9304792203889399
397,0.48649656117349954,0.7617102271885206,0.9260373907304493
398,0.5002417924883135,0.7690050768271273,0.9214693142543914
399,0.4961951265380689,0.7762202144558652,0.9167763445804129
400,0.1592673687604105,0.7833535020737393,0.9119598723367108
401,0.06887056042125625,0.7904028259336795,0.9070213247479592
402,0.48580476599860295,0.7973660971688894,0.9019621652123908
403,0.5114179786147978,0.8042412524118221,0.896783892868162
404,0.5065922035355436,0.8110262544056012,0.8914880421491244
405,0.5006011229917791,0.8177190926077036,0.8860761823301398
406,0.4809554833163183,0.8243177837857267,0.8805499170620704
407,0.1750409703938531,0.830820372605063,0.8749108838965814
408,0.06396754607490195,0.8372249322083081,0.8691607538009003
409,0.45974155069582506,0.8435295647862298,0.8633012306626722
410,0.5132616463381872,0.8497324021401301,0.8573340507850618
411,0.519571758637365,0.8558316062354328,0.8512609823722492
412,0.5223019988179034,0.8618253697463331,0.8450838250054729
413,0.4986432754822417,0.8677119165913463,0.8388044091097743
414,0.17972905808392886,0.8734895024596006,0.8324245954116043
415,0.09926253291064425,0.8791564153277123,0.8259462743874494
416,0.5062933211541562,0.8847109759670968,0.8193713657036427
417,0.49813954113158887,0.8901515384415595,0.8127018176475251
418,0.5230475256568696,0.8954764905950221,0.8059396065501266
419,0.531030036000215,0.9006842545292396,0.7990867362005357
420,0.5162370372360433,0.9057732870713657,0.792145237252134
421,0.15996923862232015,0.9107420802312278,0.7851171666208698
422,0.08061428724947613,0.9155891616481773,0.7780046068757491
423,0.08582290043522649,0.9203130950273817,0.7708096656217264
424,0.09635430659287518,0.9249124805654299,0.7635344748751745
425,0.5374946268335931,0.9293859553651242,0.7561811904321232
426,0.5660933050346569,0.933732193839336,0.7487519912294498
427,0.5780821825801946,0.9379499081038059,0.7412490786992133
428,0.19881051528665844,0.9420378483587714,0.7336746761163224
429,0.1017979958089302,0.94599480325931,0.7260310279397317
430,0.6111708129600775,0.9498196002742868,0.7183203991473593
431,0.5705597496104455,0.9535111060338004,0.7105450745649252
432,0.6496628338079631,0.9570682266650248,0.7027073581889085
433,0.6018752350760304,0.960489908116348,0.6948095725038232
434,0.6190122776852399,0.9637751364697102,0.6868540577940161
435,0.2084788565901886,0.9669229382410494,0.6788431714501895
436,0.0981476008811993,0.9699323806687654,0.6707792872708563
437,0.6073457901241202,0.9728025719901178,0.6626647947589317
438,0.6461870667884585,0.9755326617054743,0.6545020984136722
439,0.6158186019021009,0.978121840830332,0.6462936170181702
440,0.6320791467411746,0.9805693421350374,0.6380417829226168
441,0.6259940357852883,0.9828744403721322,0.6297490413235436
442,0.23362863360378272,0.9850364524912609,0.6214178495392584
443,0.11380366449948956,0.9870547378415724,0.6130506762816887
444,0.6299601042394284,0.9889286983615594,0.6046500009248492
445,0.6344869969372952,0.9906577787562763,0.5962183127701497
446,0.6655909139756059,0.9922414666618854,0.5877581103087609
447,0.6572457148997906,0.9936792927974818,0.5792719004812584
448,0.21963825157165118,0.9949708311041505,0.5707621979347612
449,0.21071879533609156,0.9961156988712176,0.5622315242777888
450,0.09742893987426791,0.9971135568496556,0.5536824073330523
451,0.6261350814034711,0.9979641093526098,0.5451173803884077
452,0.6329052710762453,0.9986671043430171,0.5365389814461872
453,0.6430471226693891,0.9992223335082902,0.5279497524711341
454,0.6016368008167213,0.9996296323220442,0.5193522386371644
455,0.6376437322013864,0.9998888800928506,0.5107489875731771
456,0.2783300198807157,0.9999999999999998,0.5021425486081356
457,0.09387929181666757,0.9999629591162654,0.49353547201564735
458,0.6361996937295149,0.9997777684176605,0.48493030825826255
459,0.6618229810327226,0.9994444827801856,0.4763296072317173
460,0.6820025791198754,0.9989632009635683,0.4677359175093442
461,0.0,0.9983340655819977,0.45915178558687486
462,0.6835641556068992,0.997557263061865,0.45057975512785853
463,0.2335379614206652,0.9966330235865221,0.44202236620992
464,0.08596058782440492,0.9955616210280718,0.43348215457207917
465,0.6391549352533449,0.9943433728662154,0.4249616508633572
466,0.6782212132609747,0.9929786400941749,0.41646337989289034
467,0.6816130245553705,0.9914678271117241,0.40798985988177516
468,0.24927798076406427,0.9898113816053558,0.3995436017168643
469,0.13294221159529312,0.9880097944156222,0.3911271082067372
470,0.20114448444468327,0.9860635993916893,0.3827428733400637
471,0.09798976411799475,0.983973373233145,0.3743933815465815
472,0.6179880178389126,0.9817397353191111,0.3660811069609059
473,0.6444642953092258,0.979363347524707,0.35780851268938996
474,0.6617726075976573,0.976844914024923,0.3495780500802537
475,0.6511370963408737,0.9741851810859572,0.3413921579971959
476,0.6443400408360648,0.9713849368440814,0.33325326209670714
477,0.2575257911987534,0.9684450110720986,0.3251637741092943
478,0.11451225081940788,0.9653662749334637,0.3171260911248336
479,0.6314880984364086,0.9621496407241392,0.30914259488226065
480,0.6116308903336737,0.9587960616022619,0.3012156510638099
481,0.6411497232819301,0.9553065313057022,0.2933476085940126
482,0.6559192144430713,0.9516820838575968,0.2855407989436587
483,0.6428993605931976,0.9479237932599466,0.2777975354389322
484,0.2605179732416313,0.9440327731753663,0.270120112575923
485,0.12930189135457526,0.9400101765970821,0.2625108053407177
486,0.1063786201708667,0.9358571955072745,0.25497186853527226
487,0.6454684057815271,0.9315750605238697,0.247505536109266
488,0.6569300413733814,0.9271650405358791,0.2401140204981333
489,0.6595561764547848,0.922628442327401,0.23279951196747167
490,0.6669980119284294,0.9179666101903925,0.22556417796401879
491,0.2652597925957767,0.9131809255263262,0.2184101624733909
492,0.09590094567728763,0.9082728064368519,0.21133958538477465
493,0.6028860620063404,0.9032437073035816,0.2043545418627567
494,0.6660711407232283,0.8980951183571253,0.1974571017264823
495,0.6781977056579442,0.8928285652355034,0.19064930883632264
496,0.6510800064477997,0.8874456085320672,0.1839331804882352
497,0.629479877491806,0.8819478433330622,0.17731070681599587
498,0.2496003707484821,0.8763368987449679,0.17078385020147802
499,0.08321019826984043,0.8706144374117601,0.16435454469315786
500,0.6331638547095804,0.8647821550222323,0.1580246954330129
501,0.6572625060448123,0.8588417798075278,0.15179617809198875
502,0.6588610230508839,0.8527950720290267,0.1456708383141958
503,0.6320522809091398,0.8466438234567419,0.13965049117000577
504,0.6333485573048198,0.8403898568383805,0.1337369206182072
505,0.2403417333834829,0.8340350253592232,0.12793187897738006
506,0.10402450163881576,0.8275812120929855,0.12223708640664543
507,0.6429900327763152,0.8210303294438234,0.11665423039594591
508,0.6657050937617539,0.8143843185796448,0.11118496526600502
509,0.6586158723335662,0.8076451488569019,0.10583091167811753
510,0.11634920208478858,0.8008148172370266,0.1005936561539113
511,0.6313436945892215,0.7938953476946886,0.09547475060522748
512,0.2452514641878459,0.7868887906180473,0.09047571187425496
513,0.09984014829939283,0.7797972222011789,0.08559802128405802
514,0.6216316963086347,0.7726227438288538,0.08084312419962775
515,0.6478158078555694,0.7653674814538514,0.07621242959958924
516,0.6431579442265327,0.7580335849669948,0.07170730965869104
517,0.6422209983343184,0.7506232275600918,0.06732909934120018
518,0.6412236043200259,0.7431386050819703,0.06307909600532302
519,0.27169415936811564,0.7355819353878023,0.05895855901877095
520,0.10715101284186772,0.7279554576819043,0.05496870938558124
521,0.6311992907420343,0.7202614318542135,0.051110729384308384
522,0.6508885873945517,0.7125021378106332,0.04738576221768864
523,0.6566177260759767,0.7046798747974478,0.043794911673884884
524,0.653131884369459,0.6967969607200065,0.0403392417994104
525,0.6468822201923594,0.6888557314558776,0.0370197765838281
526,0.2670161463650529,0.6808585401626779,0.03383749965632149
527,0.11724920745795497,0.6728077565807811,0.030793353994223338
528,0.6352493149212832,0.6647057663311123,0.027888241643591327
529,0.6414586803503305,0.6565549702082383,0.025123023451912363
530,0.6644423996561174,0.6483577834689584,0.02249851881301501
531,0.6180484659609908,0.6401166351166132,0.020015505424265112
532,0.6486755144806835,0.6318339671813187,0.017674719056117782
533,0.21103111063349633,0.6235122339963383,0.0154768533340921
534,0.09929947342969213,0.6151539014708124,0.01342255953323529
535,0.6226861802160013,0.606761446359056,0.011512446385135933
536,0.12897950137015743,0.5983373555266427,0.009747079897543365
537,0.6521176992101446,0.5898841252134929,0.008126983186647563
538,0.6478359572295954,0.581404260294184,0.006652636322068639
539,0.6379594057277954,0.5729002735357023,0.005324476184601412
540,0.24734699908656171,0.564374684852855,0.0041428963367586835
541,0.11004916447262372,0.5558300205615664,0.0031082469061500806
542,0.6300944333996025,0.5472688126302745,0.00222083448173116
543,0.5966834130353018,0.538693597929656,0.0014809220229555775
544,0.6645162806942132,0.5301069174808948,0.0008887287818532541
545,0.6490314867551449,0.5215113157027236,0.00044443023806217674
546,0.650166568158616,0.5129093396574573,0.0001481580468296051
547,0.2660724840148299,0.5043035382962442,5.551115123125783e-17
548,0.11687308580946752,0.495696461703756,0.0
549,0.6392758314975016,0.4870906603425429,0.0001481580468296606
550,0.6604897641179948,0.4784886842972765,0.00044443023806217674
551,0.6104756595561766,0.46989308251910517,0.0008887287818532541
552,0.6424157756165709,0.4613064020703438,0.0014809220229555775
553,0.6436045886841116,0.45273118736972534,0.00222083448173116
554,0.25511122454462415,0.44416997943843384,0.0031082469061499696
555,0.09152517328461662,0.4356253151471452,0.0041428963367586835
556,0.6366597711031111,0.427099726464298,0.005324476184601357
557,0.6659603191660847,0.41859573970581615,0.006652636322068584
558,0.6235190210090807,0.4101158747865071,0.008126983186647563
559,0.6588979635699318,0.4016626444733573,0.009747079897543365
560,0.6378586588576649,0.393238553640944,0.011512446385135877
561,0.243669738326796,0.3848460985291876,0.01342255953323529
562,0.11875705228090915,0.37648776600366174,0.0154768533340921
563,0.5807217505776154,0.3681660328186811,0.017674719056117782
564,0.5962837837837839,0.35988336488338657,0.020015505424265168
565,0.5850605824512386,0.3516422165310418,0.0224985188130149
566,0.5963677395088927,0.3434450297917617,0.025123023451912307
567,0.5638970232658106,0.33529423366888766,0.02788824164359127
568,0.24452608672290582,0.327192243419219,0.030793353994223283
569,0.12890562033206168,0.31914145983732206,0.033837499656321435
570,0.5320173553274945,0.31114426854412236,0.0370197765838281
571,0.5618753694051906,0.3032030392799935,0.04033924179941034
572,0.5557331685562302,0.29532012520255224,0.043794911673884884
573,0.5501081349739402,0.28749786218936674,0.04738576221768859
574,0.5724134920208479,0.2797385681457863,0.051110729384308384
575,0.24512049325667618,0.2720445423180955,0.054968709385581294
576,0.09787894256085111,0.2644180646121975,0.058958559018771006
577,0.5894262801568965,0.2568613949180295,0.06307909600532308
578,0.6061032453925098,0.2493767724399082,0.06732909934120013
579,0.6259973940142927,0.2419664150330051,0.07170730965869099
580,0.6377679866745474,0.23463251854614864,0.07621242959958918
581,0.6416769652356135,0.22737725617114624,0.08084312419962769
582,0.26918556230186447,0.22020277779882103,0.08559802128405797
583,0.134047068937725,0.2131112093819526,0.09047571187425485
584,0.6638547095803558,0.20610465230531122,0.09547475060522753
585,0.6440545913706948,0.1991851827629732,0.10059365615391136
586,0.6603184944387729,0.19235485114309792,0.10583091167811759
587,0.6718069958626619,0.185615681420355,0.11118496526600502
588,0.6363105152866585,0.17896967055617663,0.1166542303959458
589,0.2447107893181452,0.17241878790701437,0.12223708640664532
590,0.12362312610821558,0.1659649746407768,0.12793187897737995
591,0.6447363118585783,0.15961014316161948,0.13373692061820708
592,0.6064726505829886,0.15335617654325812,0.1396504911700055
593,0.6718204287786793,0.14720492797097345,0.14567083831419553
594,0.6621352963301274,0.1411582201924722,0.15179617809198848
595,0.6726801354037936,0.1352178449777675,0.15802469543301295
596,0.25108806619741014,0.1293855625882399,0.1643545446931577
597,0.15051246574606417,0.12366310125503205,0.1707838502014779
598,0.12630635108269303,0.11805215666693764,0.17731070681599587
599,0.6557714523668798,0.11255439146793267,0.1839331804882351
600,0.669395787437537,0.10717143476449664,0.19064930883632253
601,0.6616517113535006,0.10190488164287481,0.197457101726482
602,0.6197410133791844,0.09675629269641833,0.2043545418627566
603,0.25862729031218096,0.09172719356314812,0.21133958538477432
604,0.1190492182042878,0.08681907447367371,0.2184101624733908
605,0.653608752888077,0.08203338980960773,0.22556417796401823
606,0.6374422384611252,0.07737155767259885,0.23279951196747167
607,0.6510094836387084,0.07283495946412089,0.24011402049813318
608,0.6575781795712213,0.0684249394761301,0.24750553610926607
609,0.6777913599484177,0.06414280449272541,0.2549718685352721
610,0.26014520982214817,0.059989823402917974,0.2625108053407176
611,0.09380205254956747,0.05596722682463384,0.2701201125759227
612,0.6353836440814573,0.05207620674005342,0.2777975354389321
613,0.667135699317608,0.04831791614240333,0.28554079894365836
614,0.6630957498253721,0.0446934686942978,0.29334760859401254
615,0.6698928053301811,0.04120393839773806,0.30121565106380954
616,0.6522688195153404,0.03785035927586067,0.3091425948822607
617,0.22797673418945785,0.03463372506653628,0.3171260911248335
618,0.08267288162914406,0.03155498892790132,0.3251637741092944
619,0.6151469561012305,0.028615063155918552,0.333253262096707
620,0.6732443178765247,0.025814818914042637,0.341392157997196
621,0.663770753855247,0.02315508597507704,0.34957805008025344
622,0.6629513459781851,0.020636652475292894,0.35780851268938985
623,0.662007683627962,0.018260264680888927,0.36608110696090557
624,0.2709049755520928,0.01602662676685479,0.3743933815465814
625,0.14485720810273495,0.01393640060831064,0.38274287334006335
626,0.6578669872655957,0.0119902055843778,0.39112710820673696
627,0.6649830745258182,0.0101886183946443,0.3995436017168642
628,0.6668670409972598,0.00853217288827579,0.4079898598817753
629,0.5575398957605717,0.007021359905824975,0.41646337989289023
630,0.652960614690237,0.005656627133784453,0.42496165086335713
631,0.2689941432486164,0.004438378971928059,0.4334821545720789
632,0.12754217935629467,0.0033669764134778846,0.4420223662099199
633,0.6299164472623717,0.002442736938134904,0.4505797551278582
634,0.6460796034603192,0.0016659344180022795,0.4591517855868746
635,0.6573666111439472,0.0010367990364315571,0.4677359175093442
636,0.6596535650959111,0.0005555172198142833,0.4763296072317171
637,0.6655640481435711,0.00022223158233936058,0.48493030825826244
638,0.26498105958841545,3.704088373446268e-05,0.4935354720156473
639,0.13653215840094568,0.0,0.5021425486081353
640,0.6409112890226211,0.00011111990714929298,0.5107489875731771
641,0.6775898662081565,0.00037036767795567416,0.5193522386371642
642,0.6997776852399119,0.0007776664917097942,0.5279497524711338
643,0.6784831551233143,0.001332895656982802,0.5365389814461872
644,0.6830872870882811,0.0020358906473900706,0.5451173803884075
645,0.30718392348611034,0.002886443150344309,0.5536824073330523
646,0.1217290849497609,0.0038843011287821305,0.5622315242777886
647,0.6372105206598249,0.005029168895849312,0.5707621979347612
648,0.6805652571060127,0.00632070720251815,0.5792719004812584
649,0.684820133254527,0.007758533338114437,0.5877581103087607
650,0.6637673956262427,0.009342221243723692,0.5962183127701497
651,0.6810085433345872,0.011071301638440556,0.6046500009248494
652,0.27821248186556335,0.01294526215842745,0.6130506762816886
653,0.11769249368652948,0.014963547508738961,0.6214178495392584
654,0.12870412659180056,0.017125559627867604,0.6297490413235434
655,0.6562013056794369,0.01943065786496251,0.6380417829226168
656,0.6644121755950783,0.021878159169667732,0.64629361701817
657,0.6842828166138306,0.024467338294525576,0.6545020984136721
658,0.6791312933211542,0.027197428009881952,0.6626647947589315
659,0.2656997205953468,0.030067619331234585,0.6707792872708566
660,0.12243767126967924,0.03307706175895048,0.6788431714501895
661,0.6465363226049111,0.036224863530289586,0.6868540577940161
662,0.6701513889635162,0.03951009188365184,0.6948095725038231
663,0.6726734189457848,0.042931773334975165,0.7027073581889085
664,0.6725625973886412,0.046488893966199485,0.710545074564925
665,0.6405351673741336,0.05018039972571303,0.7183203991473592
666,0.27103930471226695,0.05400519674068971,0.7260310279397315
667,0.12371379829133308,0.057962151641228477,0.7336746761163223
668,0.6518490408897964,0.062050091896193815,0.7412490786992129
669,0.677737628284348,0.06626780616066374,0.7487519912294495
670,0.6958049003277632,0.07061404463487558,0.7561811904321231
671,0.6462374402235238,0.07508751943457004,0.7635344748751746
672,0.687671269679222,0.07968690497261816,0.7708096656217263
673,0.24275965826661652,0.08441083835182267,0.7780046068757491
674,0.12234364085755736,0.08925791976877201,0.7851171666208696
675,0.6137835151254635,0.09422671292863422,0.7921452372521339
676,0.6848604320025792,0.09931574547076011,0.7990867362005354
677,0.690616436516039,0.10452350940497773,0.8059396065501265
678,0.6959627370909678,0.10984846155844014,0.8127018176475248
679,0.683990650690452,0.11528902403290286,0.8193713657036424
680,0.2711031110633496,0.12084358467228756,0.8259462743874493
681,0.130319434742894,0.12651049754039945,0.8324245954116043
682,0.6497132072430284,0.13228808340865345,0.8388044091097742
683,0.6708566170544302,0.13817463025366689,0.8450838250054729
684,0.6716726667024878,0.14416839376456686,0.851260982372249
685,0.6809010800064479,0.15026759785986976,0.8573340507850618
686,0.6711185589167697,0.15647043521376985,0.8633012306626718
687,0.29915103970769974,0.16277506779169165,0.8691607538009001
688,0.14030680780183763,0.16917962739493658,0.8749108838965811
689,0.09892335178120466,0.17568221621427305,0.8805499170620702
690,0.6607046907742733,0.1822809073922963,0.8860761823301397
691,0.6666823384020204,0.18897374559439845,0.891488042149124
692,0.6799507011982162,0.19575874758817768,0.8967838928681618
693,0.660597227446134,0.20263390283111016,0.9019621652123906
694,0.2751061200365375,0.2095971740663201,0.907021324747959
695,0.12840524421041322,0.21664649792626012,0.9119598723367106
696,0.6384429907044222,0.2237797855441344,0.9167763445804127
697,0.6662390521734459,0.23099492317287285,0.9214693142543915
698,0.652550910751706,0.2382897728114794,0.9260373907304493
699,0.6600934930954813,0.2456621728385716,0.93047922038894
700,0.663895008328408,0.2531099386529112,0.9347934870198724
701,0.2640877706732577,0.26063086332075225,0.9389789122129352
702,0.10698310139165011,0.2682227182298001,0.9430342557363138
703,0.6335668421901027,0.2758832537496002,0.9469583159042017
704,0.6937227983450648,0.2836101998981495,0.9507499299328823
705,0.7058157809897373,0.29140126701454366,0.9544079742852896
706,0.7227781956907207,0.2992541464374504,0.9579313650039346
707,0.15614421578636292,0.3071665111892185,0.9613190580321067
708,0.220256165708452,0.3151360166654088,0.964570049523249
709,0.10331255708989308,0.3231603013295522,0.9676833761384205
710,0.6691842190102628,0.33123698741292534,0.9706581153317544
711,0.6947403417333835,0.3393636816191318,0.973493385623827
712,0.7063967546074903,0.3475379758332905,0.9761883468628612
713,0.6417508462737092,0.35575744783560936,0.9787422004736793
714,0.5565760840363226,0.3640196620191447,0.9811541896943403
715,0.24772647896405353,0.37232217011151847,0.9834235998003825
716,0.15462293804739133,0.38066251190040273,0.9855497583166144
717,0.3927549567460104,0.3890382159625236,0.9875320352163804
718,0.2932573478050615,0.39744680039600744,0.9893698431082549
719,0.7167837569179518,0.40588577355581285,0.9910626374100961
720,0.7045967438611574,0.41435263479206463,0.9926099165104187
721,0.6613763365751438,0.4228448751910494,0.9940112219170325
722,0.25307613776798665,0.4313599783186587,0.9952661383929027
723,0.09064531728547634,0.43989542096606554,0.9963742940791944
724,0.055978319273547905,0.4484486738974028,0.9973353606054616
725,0.5569387727687927,0.4570172025992334,0.998149053186951
726,0.5875188060824245,0.4655984680315781,0.9988151307089901
727,0.6351049110740961,0.4741899273802914,0.9993333957984337
728,0.5236855891676966,0.48278903481054897,0.9997036948821509
729,0.18276825533286767,0.4913932422212347,0.9999259182325313
730,0.07671202514641878,0.5000000000000002,1.0
731,0.06118357423029391,0.5086067577787649,0.9999259182325313
732,0.584835581107947,0.5172109651894509,0.9997036948821509
733,0.6327877330610929,0.5258100726197082,0.9993333957984337
734,0.6282104669281608,0.5344015319684213,0.9988151307089901
735,0.6088368438020526,0.5429827974007664,0.998149053186951
736,0.24913357691687713,0.5515513261025968,0.9973353606054616
737,0.11359209607221536,0.5601045790339343,0.9963742940791944
738,0.628707484820805,0.568640021681341,0.9952661383929027
739,0.6409314383966472,0.5771551248089505,0.9940112219170325
740,0.6366799204771373,0.5856473652079351,0.9926099165104187
741,0.6238783515125464,0.5941142264441872,0.9910626374100961
742,0.5925527913599484,0.6025531996039925,0.9893698431082549
743,0.2233591693084735,0.6109617840374757,0.9875320352163806
744,0.10211366933533932,0.6193374880995972,0.9855497583166143
745,0.6190391435172747,0.6276778298884809,0.9834235998003826
746,0.6194387727687927,0.6359803379808553,0.9811541896943403
747,0.6153954650475526,0.6442425521643901,0.9787422004736794
748,0.6254332115415615,0.6524620241667093,0.9761883468628612
749,0.613635753049272,0.6606363183808678,0.973493385623827
750,0.23699022083713933,0.6687630125870745,0.9706581153317544
751,0.13152503895545645,0.6768396986704475,0.9676833761384206
752,0.5833176615979797,0.6848639833345911,0.964570049523249
753,0.5975162538283811,0.6928334888107812,0.9613190580321067
754,0.6254164203965398,0.7007458535625491,0.9579313650039347
755,0.621557815270539,0.7085987329854562,0.9544079742852897
756,0.6037860673795068,0.7163898001018502,0.9507499299328823
757,0.23433721992370105,0.7241167462503997,0.9469583159042017
758,0.11315552630164957,0.7317772817701996,0.9430342557363139
759,0.5949740744720865,0.7393691366792478,0.9389789122129351
760,0.6295134597818495,0.7468900613470886,0.9347934870198725
761,0.6280929289130085,0.7543378271614284,0.9304792203889399
762,0.6516341142335179,0.7617102271885206,0.9260373907304493
763,0.6491154424802537,0.7690050768271273,0.9214693142543914
764,0.25295188329482565,0.7762202144558652,0.9167763445804129
765,0.12919778625544034,0.7833535020737393,0.9119598723367108
766,0.6503647036698728,0.7904028259336795,0.9070213247479592
767,0.6903947934017517,0.7973660971688894,0.9019621652123908
768,0.6669006232873033,0.8042412524118221,0.896783892868162
769,0.6721394605340928,0.8110262544056012,0.8914880421491244
770,0.6152544194293698,0.8177190926077036,0.8860761823301398
771,0.24545295792810704,0.8243177837857267,0.8805499170620704
772,0.12279364354414057,0.830820372605063,0.8749108838965814
773,0.13496722368491754,0.8372249322083081,0.8691607538009003
774,0.13334519907581538,0.8435295647862298,0.8633012306626722
775,0.6888332169147279,0.8497324021401301,0.8573340507850618
776,0.6980549137606792,0.8558316062354328,0.8512609823722492
777,0.6915097254311967,0.8618253697463331,0.8450838250054729
778,0.24144994895491914,0.8677119165913463,0.8388044091097743
779,0.10947490731287948,0.8734895024596006,0.8324245954116043
780,0.6547203266885177,0.8791564153277123,0.8259462743874494
781,0.7003317930256301,0.8847109759670968,0.8193713657036427
782,0.67135027671807,0.8901515384415595,0.8127018176475251
783,0.7445529525549407,0.8954764905950221,0.8059396065501266
784,0.7151449411638279,0.9006842545292396,0.7990867362005357
785,0.26348328945247435,0.9057732870713657,0.792145237252134
786,0.12344178174198056,0.9107420802312278,0.7851171666208698
787,0.714688222019236,0.9155891616481773,0.7780046068757491
788,0.7284233786470368,0.9203130950273817,0.7708096656217264
789,0.742773091182634,0.9249124805654299,0.7635344748751745
790,0.7425447316103381,0.9293859553651242,0.7561811904321232
791,0.7485156627800764,0.933732193839336,0.7487519912294498
792,0.2921995056686906,0.9379499081038059,0.7412490786992133
793,0.1353702111654398,0.9420378483587714,0.7336746761163224
794,0.7688732470044598,0.94599480325931,0.7260310279397317
795,0.7899259846327441,0.9498196002742868,0.7183203991473593
796,0.7985532749449251,0.9535111060338004,0.7105450745649252
797,0.8634812745150718,0.9570682266650248,0.7027073581889085
798,0.8031103917038311,0.960489908116348,0.6948095725038232
799,0.3250866423083123,0.9637751364697102,0.6868540577940161
800,0.1423486110364838,0.9669229382410494,0.6788431714501895
801,0.7977170759228414,0.9699323806687654,0.6707792872708563
802,0.7581772876255979,0.9728025719901178,0.6626647947589317
803,0.7860505883617216,0.9755326617054743,0.6545020984136722
804,0.8189477996883564,0.978121840830332,0.6462936170181702
805,0.8131145559077966,0.9805693421350374,0.6380417829226168
806,0.31360821557143626,0.9828744403721322,0.6297490413235436
807,0.1216585621406695,0.9850364524912609,0.6214178495392584
808,0.737635000805975,0.9870547378415724,0.6130506762816887
809,0.8334654236741713,0.9889286983615594,0.6046500009248492
810,0.7951681801085381,0.9906577787562763,0.5962183127701497
811,0.8367363387244103,0.9922414666618854,0.5877581103087609
812,0.821832518403095,0.9936792927974818,0.5792719004812584
813,0.33355945408629306,0.9949708311041505,0.5707621979347612
814,0.13158548707753479,0.9961156988712176,0.5622315242777888
815,0.8409811401859116,0.9971135568496556,0.5536824073330523
816,0.8374617161893505,0.9979641093526098,0.5451173803884077
817,0.8689484713341573,0.9986671043430171,0.5365389814461872
818,0.342310998871635,0.9992223335082902,0.5279497524711341
819,0.16011028424050294,0.9996296323220442,0.5193522386371644
820,0.25157165117403685,0.9998888800928506,0.5107489875731771
821,0.12509403041212186,0.9999999999999998,0.5021425486081356
822,0.13875194777282254,0.9999629591162654,0.49353547201564735
823,0.8250161194992209,0.9997777684176605,0.48493030825826255
824,0.8479091666218903,0.9994444827801856,0.4763296072317173
825,0.8693044436086186,0.9989632009635683,0.4677359175093442
826,0.6951634785879319,0.9983340655819977,0.45915178558687486
827,0.3211910966632637,0.997557263061865,0.45057975512785853
828,0.12459701251947773,0.9966330235865221,0.44202236620992
829,0.8761854548385364,0.9955616210280718,0.43348215457207917
830,0.9056404814357102,0.9943433728662154,0.4249616508633572
831,0.8644484444683252,0.9929786400941749,0.41646337989289034
832,0.882730643168019,0.9914678271117241,0.40798985988177516
833,0.8568386975444631,0.9898113816053558,0.3995436017168643
834,0.3592230401375531,0.9880097944156222,0.3911271082067372
835,0.15854199129547042,0.9860635993916893,0.3827428733400637
836,0.7983417065176509,0.983973373233145,0.3743933815465815
837,0.7867155177045834,0.9817397353191111,0.3660811069609059
838,0.8689383966471442,0.979363347524707,0.35780851268938996
839,0.9134920208478857,0.976844914024923,0.3495780500802537
840,0.8464449787759928,0.9741851810859572,0.3413921579971959
841,0.34340913975605825,0.9713849368440814,0.33325326209670714
842,0.15536510665735317,0.9684450110720986,0.3251637741092943
843,0.8528591961743056,0.9653662749334637,0.3171260911248336
844,0.8861291709204235,0.9621496407241392,0.30914259488226065
845,0.8844937133953039,0.9587960616022619,0.3012156510638099
846,0.8867067863091721,0.9553065313057022,0.2933476085940126
847,0.881206007200043,0.9516820838575968,0.2855407989436587
848,0.2926595830422868,0.9479237932599466,0.2777975354389322
849,0.10132112729031219,0.9440327731753663,0.270120112575923
850,0.2674124173875665,0.9400101765970821,0.2625108053407177
851,0.11955966901294934,0.9358571955072745,0.25497186853527226
852,0.8164526355381226,0.9315750605238697,0.247505536109266
853,0.8659227070012359,0.9271650405358791,0.2401140204981333
854,0.8663794261458279,0.922628442327401,0.23279951196747167
855,0.3367766374724625,0.9179666101903925,0.22556417796401879
856,0.14836991564128743,0.9131809255263262,0.2184101624733909
857,0.7282386760517974,0.9082728064368519,0.21133958538477465
858,0.8132656762129924,0.9032437073035816,0.2043545418627567
859,0.9107920047283865,0.8980951183571253,0.1974571017264823
860,0.8196463113212616,0.8928285652355034,0.19064930883632264
861,0.8834828864649938,0.8874456085320672,0.1839331804882352
862,0.3692238461125141,0.8819478433330622,0.17731070681599587
863,0.1549486862608135,0.8763368987449679,0.17078385020147802
864,0.8384356026006126,0.8706144374117601,0.16435454469315786
865,0.8762425447316105,0.8647821550222323,0.1580246954330129
866,0.49443877276879267,0.8588417798075278,0.15179617809198875
867,0.8446248186556339,0.8527950720290267,0.1456708383141958
868,0.8410214389339639,0.8466438234567419,0.13965049117000577
869,0.3572853420020418,0.8403898568383805,0.1337369206182072
870,0.15873676857772287,0.8340350253592232,0.12793187897738006
871,0.8351714040083822,0.8275812120929855,0.12223708640664543
872,0.33801246574606414,0.8210303294438234,0.11665423039594591
873,0.7672881629144055,0.8143843185796448,0.11118496526600502
874,0.8674943581752728,0.8076451488569019,0.10583091167811753
875,0.230666675621944,0.8008148172370266,0.1005936561539113
876,0.32197692225028207,0.7938953476946886,0.09547475060522748
877,0.14494788028585245,0.7868887906180473,0.09047571187425496
878,0.8036980817795928,0.7797972222011789,0.08559802128405802
879,0.8343049809252593,0.7726227438288538,0.08084312419962775
880,0.8148641932190641,0.7653674814538514,0.07621242959958924
881,0.8590551286873355,0.7580335849669948,0.07170730965869104
882,0.8491785771855355,0.7506232275600918,0.06732909934120018
883,0.36503277631508246,0.7431386050819703,0.06307909600532302
884,0.16327037773359843,0.7355819353878023,0.05895855901877095
885,0.8845138627693301,0.7279554576819043,0.05496870938558124
886,0.8028081510934394,0.7202614318542135,0.051110729384308384
887,0.8752820912363657,0.7125021378106332,0.04738576221768864
888,0.8896855354360326,0.7046798747974478,0.043794911673884884
889,0.8810851109558864,0.6967969607200065,0.0403392417994104
890,0.3850444629520176,0.6888557314558776,0.0370197765838281
891,0.14698632529149427,0.6808585401626779,0.03383749965632149
892,0.858974531191231,0.6728077565807811,0.030793353994223338
893,0.8441848906560637,0.6647057663311123,0.027888241643591327
894,1.0,0.6565549702082383,0.025123023451912363
895,0.7789445757885123,0.6483577834689584,0.02249851881301501
896,0.8885907527806137,0.6401166351166132,0.020015505424265112
897,0.30351002095534896,0.6318339671813187,0.017674719056117782
898,0.1420900274031487,0.6235122339963383,0.0154768533340921
899,0.8532118102197626,0.6151539014708124,0.01342255953323529
900,0.9134047068937726,0.606761446359056,0.011512446385135933
901,0.18753022406103917,0.5983373555266427,0.009747079897543365
902,0.8306948847455806,0.5898841252134929,0.008126983186647563
903,0.8873314169039815,0.581404260294184,0.006652636322068639
904,0.3587226640159046,0.5729002735357023,0.005324476184601412
905,0.1184648863575305,0.564374684852855,0.0041428963367586835
906,6.716458008704529e-06,0.5558300205615664,0.0031082469061500806
907,0.8279512116490249,0.5472688126302745,0.00222083448173116
908,0.8337743807425717,0.538693597929656,0.0014809220229555775
909,0.8614663371124605,0.5301069174808948,0.0008887287818532541
910,0.8915157702434046,0.5215113157027236,0.00044443023806217674
911,0.2820375047015206,0.5129093396574573,0.0001481580468296051
912,0.13130675407017356,0.5043035382962442,5.551115123125783e-17
913,0.8574532534522595,0.495696461703756,0.0
914,0.8832108699156414,0.4870906603425429,0.0001481580468296606
915,0.8898265810542153,0.4784886842972765,0.00044443023806217674
916,0.8960124388802322,0.46989308251910517,0.0008887287818532541
917,0.8800877169415937,0.4613064020703438,0.0014809220229555775
918,0.31344030412121865,0.45273118736972534,0.00222083448173116
919,0.1561106334963194,0.44416997943843384,0.0031082469061499696
920,0.17402342700553436,0.4356253151471452,0.0041428963367586835
921,0.8238239482026759,0.427099726464298,0.005324476184601357
922,0.825006044812208,0.41859573970581615,0.006652636322068584
923,0.849507683627962,0.4101158747865071,0.008126983186647563
924,0.8320583257213476,0.4016626444733573,0.009747079897543365
925,0.3627626135081403,0.393238553640944,0.011512446385135877
926,0.1560031701681801,0.3848460985291876,0.01342255953323529
927,0.7395760571704907,0.37648776600366174,0.0154768533340921
928,0.7290681586158724,0.3681660328186811,0.017674719056117782
929,0.7134356026006126,0.35988336488338657,0.020015505424265168
930,0.5866557412283059,0.3516422165310418,0.0224985188130149
931,0.7215558003331364,0.3434450297917617,0.025123023451912307
932,0.32178214496802965,0.33529423366888766,0.02788824164359127
933,0.16400247165654722,0.327192243419219,0.030793353994223283
934,0.685535436032454,0.31914145983732206,0.033837499656321435
935,0.7095635645585945,0.31114426854412236,0.0370197765838281
936,0.6759611251410457,0.3032030392799935,0.04033924179941034
937,0.6737077534791253,0.29532012520255224,0.043794911673884884
938,0.688272392671001,0.28749786218936674,0.04738576221768859
939,0.293881978399871,0.2797385681457863,0.051110729384308384
940,0.13828515394121757,0.2720445423180955,0.054968709385581294
941,0.7446973564021279,0.2644180646121975,0.058958559018771006
942,0.7433271989683521,0.2568613949180295,0.06307909600532308
943,0.7872024609102145,0.2493767724399082,0.06732909934120013
944,0.8179268980710334,0.2419664150330051,0.07170730965869099
945,0.7831893772500135,0.23463251854614864,0.07621242959958918
946,0.37002310461554994,0.22737725617114624,0.08084312419962769
947,0.15640951587770674,0.22020277779882103,0.08559802128405797
948,0.7971293858470797,0.2131112093819526,0.09047571187425485
949,0.8499341787115148,0.20610465230531122,0.09547475060522753
950,0.9115173821933266,0.1991851827629732,0.10059365615391136
951,0.8310542152490463,0.19235485114309792,0.10583091167811759
952,0.8279780774810597,0.185615681420355,0.11118496526600502
953,0.33621245499973135,0.17896967055617663,0.1166542303959458
954,0.15779982268550857,0.17241878790701437,0.12223708640664532
955,0.8040406211380368,0.1659649746407768,0.12793187897737995
956,0.8382139594863254,0.15961014316161948,0.13373692061820708
957,0.7403887485895438,0.15335617654325812,0.1396504911700055
958,0.8216175917468165,0.14720492797097345,0.14567083831419553
959,0.725736795443555,0.1411582201924722,0.15179617809198848
960,0.3151093439363817,0.1352178449777675,0.15802469543301295
961,0.15015649347160281,0.1293855625882399,0.1643545446931577
962,0.15146284455429584,0.12366310125503205,0.1707838502014779
963,0.8274441190693677,0.11805215666693764,0.17731070681599587
964,0.8270109075278063,0.11255439146793267,0.1839331804882351
965,0.810955214657998,0.10717143476449664,0.19064930883632253
966,0.8094540862930526,0.10190488164287481,0.197457101726482
967,0.3359975283434528,0.09675629269641833,0.2043545418627566
968,0.1603655096448337,0.09172719356314812,0.21133958538477432
969,0.8028047928644351,0.08681907447367371,0.2184101624733908
970,0.8172720434151847,0.08203338980960773,0.22556417796401823
971,0.8106261082155715,0.07737155767259885,0.23279951196747167
972,0.8318736231261082,0.07283495946412089,0.24011402049813318
973,0.4548821933265273,0.0684249394761301,0.24750553610926607
974,0.317409730804363,0.06414280449272541,0.2549718685352721
975,0.14704677341357264,0.059989823402917974,0.2625108053407176
976,0.7730978990919349,0.05596722682463384,0.2701201125759227
977,0.8301609263338886,0.05207620674005342,0.2777975354389321
978,0.629708237064102,0.04831791614240333,0.28554079894365836
979,0.8094238622320133,0.0446934686942978,0.29334760859401254
980,0.8257179893611306,0.04120393839773806,0.30121565106380954
981,0.34510168717425177,0.03785035927586067,0.3091425948822607
982,0.1405553167481597,0.03463372506653628,0.3171260911248335
983,0.7803180914512923,0.03155498892790132,0.3251637741092944
984,0.7723322228789427,0.028615063155918552,0.333253262096707
985,0.8160731556606309,0.025814818914042637,0.341392157997196
986,0.8285288270377734,0.02315508597507704,0.34957805008025344
987,0.7997891032185267,0.020636652475292894,0.35780851268938985
988,0.30959849014023966,0.018260264680888927,0.36608110696090557
989,0.131148917306969,0.01602662676685479,0.3743933815465814
990,0.7905237493955188,0.01393640060831064,0.38274287334006335
991,0.8167481596905057,0.0119902055843778,0.39112710820673696
992,0.800658884530654,0.0101886183946443,0.3995436017168642
993,0.8312557089893075,0.00853217288827579,0.4079898598817753
994,0.7596481919295042,0.007021359905824975,0.41646337989289023
995,0.29592713986352154,0.005656627133784453,0.42496165086335713
996,0.141616517113535,0.004438378971928059,0.4334821545720789
997,0.674362608134974,0.0033669764134778846,0.4420223662099199
998,0.0,0.002442736938134904,0.4505797551278582
999,0.8266818010853797,0.0016659344180022795,0.4591517855868746
1000,0.8134067218311751,0.0010367990364315571,0.4677359175093442
1001,0.8219836387082908,0.0005555172198142833,0.4763296072317171
1002,0.23001853742410402,0.00022223158233936058,0.48493030825826244
1003,0.12741792488313364,3.704088373446268e-05,0.4935354720156473
1004,0.802395088925904,0.0,0.5021425486081353
1005,0.796884235129762,0.00011111990714929298,0.5107489875731771
1006,0.8211104991671593,0.00037036767795567416,0.5193522386371642
1007,0.8507233625275376,0.0007776664917097942,0.5279497524711338
1008,0.8376699263876203,0.001332895656982802,0.5365389814461872
1009,0.42454395250120897,0.0020358906473900706,0.5451173803884075
1010,0.15473375960453495,0.002886443150344309,0.5536824073330523
1011,0.7953562409327818,0.0038843011287821305,0.5622315242777886
1012,0.831289291279351,0.005029168895849312,0.5707621979347612
1013,0.823605663317393,0.00632070720251815,0.5792719004812584
1014,0.8029324055666005,0.007758533338114437,0.5877581103087607
1015,0.800611869324593,0.009342221243723692,0.5962183127701497
1016,0.3232328998979098,0.011071301638440556,0.6046500009248494
1017,0.15598637902315834,0.01294526215842745,0.6130506762816886
1018,0.15223859545430124,0.014963547508738961,0.6214178495392584
1019,0.8150791198753427,0.017125559627867604,0.6297490413235434
1020,0.8119156681532428,0.01943065786496251,0.6380417829226168
1021,0.824082531836011,0.021878159169667732,0.64629361701817
1022,0.8234343936381711,0.024467338294525576,0.6545020984136721
1023,0.3285859169308473,0.027197428009881952,0.6626647947589315
1024,0.12693769813551126,0.030067619331234585,0.6707792872708566
1025,0.7698504916447263,0.03307706175895048,0.6788431714501895
1026,0.8282366611143948,0.036224863530289586,0.6868540577940161
1027,0.7731684219010263,0.03951009188365184,0.6948095725038231
1028,0.8445610123045512,0.042931773334975165,0.7027073581889085
1029,0.8316687711568428,0.046488893966199485,0.710545074564925
1030,0.3302818225780452,0.05018039972571303,0.7183203991473592
1031,0.17222341625920157,0.05400519674068971,0.7260310279397315
1032,0.7807479447638495,0.057962151641228477,0.7336746761163223
1033,0.7776953145988932,0.062050091896193815,0.7412490786992129
1034,0.1977157326312396,0.06626780616066374,0.7487519912294495
1035,0.8264400085970663,0.07061404463487558,0.7561811904321231
1036,0.8031271828488529,0.07508751943457004,0.7635344748751746
1037,0.3387882166460695,0.07968690497261816,0.7708096656217263
1038,0.16354911074095965,0.08441083835182267,0.7780046068757491
1039,0.7947215356509592,0.08925791976877201,0.7851171666208696
1040,0.7732187953360916,0.09422671292863422,0.7921452372521339
1041,0.8430968244586535,0.09931574547076011,0.7990867362005354
1042,0.8314101875235077,0.10452350940497773,0.8059396065501265
1043,0.8277665090537855,0.10984846155844014,0.8127018176475248
1044,0.18170033850948364,0.11528902403290286,0.8193713657036424
1045,0.12208169899521788,0.12084358467228756,0.8259462743874493
1046,0.7695247434313042,0.12651049754039945,0.8324245954116043
1047,0.7864401429262265,0.13228808340865345,0.8388044091097742
1048,0.788723738649186,0.13817463025366689,0.8450838250054729
1049,0.8341102036430069,0.14416839376456686,0.851260982372249
1050,0.7987043952501209,0.15026759785986976,0.8573340507850618
1051,0.36568091451292245,0.15647043521376985,0.8633012306626718
1052,0.16234350652839719,0.16277506779169165,0.8691607538009001
1053,0.17023534468862503,0.16917962739493658,0.8749108838965811
1054,0.8239246950728065,0.17568221621427305,0.8805499170620702
1055,0.847905808392886,0.1822809073922963,0.8860761823301397
1056,0.7730206598248348,0.18897374559439845,0.891488042149124
1057,0.79671296545054,0.19575874758817768,0.8967838928681618
1058,0.29714617699210144,0.20263390283111016,0.9019621652123906
1059,0.13225713287840526,0.2095971740663201,0.907021324747959
1060,0.8147130729138682,0.21664649792626012,0.9119598723367106
1061,0.725679705550481,0.2237797855441344,0.9167763445804127
1062,0.8561569770565796,0.23099492317287285,0.9214693142543915
1063,0.5724067755628393,0.2382897728114794,0.9260373907304493
1064,0.0,0.2456621728385716,0.93047922038894
1065,0.0,0.2531099386529112,0.9347934870198724
1066,0.11292380850034926,0.26063086332075225,0.9389789122129352
1067,0.8147903121809683,0.2682227182298001,0.9430342557363138
1068,0.8168623394766537,0.2758832537496002,0.9469583159042017
1069,0.8570435495137285,0.2836101998981495,0.9507499299328823
1070,0.8559857073773576,0.29140126701454366,0.9544079742852896
1071,0.8266952340013971,0.2992541464374504,0.9579313650039346
1072,0.3073148944172801,0.3071665111892185,0.9613190580321067
1073,0.1470333404975552,0.3151360166654088,0.964570049523249
1074,0.8147701628069423,0.3231603013295522,0.9676833761384205
1075,0.7641616517113535,0.33123698741292534,0.9706581153317544
1076,0.8461931116006663,0.3393636816191318,0.973493385623827
1077,0.7339812476492398,0.3475379758332905,0.9761883468628612
1078,0.8194548922680136,0.35575744783560936,0.9787422004736793
1079,0.37662874106711086,0.3640196620191447,0.9811541896943403
1080,0.15594272204610177,0.37232217011151847,0.9834235998003825
1081,0.7542145774004622,0.38066251190040273,0.9855497583166144
1082,0.8726223738649187,0.3890382159625236,0.9875320352163804
1083,0.8526946429530924,0.39744680039600744,0.9893698431082549
1084,0.700083284079308,0.40588577355581285,0.9910626374100961
1085,0.8811220514749343,0.41435263479206463,0.9926099165104187
1086,0.393265407554672,0.4228448751910494,0.9940112219170325
1087,0.168814813819784,0.4313599783186587,0.9952661383929027
1088,0.21874160442748913,0.43989542096606554,0.9963742940791944
1089,0.06498173123421633,0.4484486738974028,0.9973353606054616
1090,0.6929772715060986,0.4570172025992334,0.998149053186951
1091,0.7257703777335984,0.4655984680315781,0.9988151307089901
1092,0.6844037128579873,0.4741899273802914,0.9993333957984337
1093,0.24140965020686692,0.48278903481054897,0.9997036948821509
1094,0.1226996131320187,0.4913932422212347,0.9999259182325313
1095,0.1730159583042287,0.5000000000000002,1.0
1096,0.05669026382247058,0.5086067577787649,0.9999259182325313
1097,0.5444192950405675,0.5172109651894509,0.9997036948821509
1098,0.6360787974853582,0.5258100726197082,0.9993333957984337
1099,0.6427348073719844,0.5344015319684213,0.9988151307089901
1100,0.2449357906614368,0.5429827974007664,0.998149053186951
1101,0.09896029230025255,0.5515513261025968,0.9973353606054616
1102,0.6218768470259525,0.5601045790339343,0.9963742940791944
1103,0.6223973725216271,0.568640021681341,0.9952661383929027
1104,0.6339496802965988,0.5771551248089505,0.9940112219170325
1105,0.6498676857772285,0.5856473652079351,0.9926099165104187
1106,0.6396351620009673,0.5941142264441872,0.9910626374100961
1107,0.24804215249046263,0.6025531996039925,0.9893698431082549
1108,0.08945986244693999,0.6109617840374757,0.9875320352163806
1109,0.600736795443555,0.6193374880995972,0.9855497583166143
1110,0.5681351082693031,0.6276778298884809,0.9834235998003826
1111,0.6316895921766698,0.6359803379808553,0.9811541896943403
1112,0.6248824619848478,0.6442425521643901,0.9787422004736794
1113,0.617182042877868,0.6524620241667093,0.9761883468628612
1114,0.21108148406856161,0.6606363183808678,0.973493385623827
1115,0.1181827951211649,0.6687630125870745,0.9706581153317544
1116,0.5955617645478481,0.6768396986704475,0.9676833761384206
1117,0.6151167320401913,0.6848639833345911,0.964570049523249
1118,0.6039909193487722,0.6928334888107812,0.9613190580321067
1119,0.6082860942453389,0.7007458535625491,0.9579313650039347
1120,0.5601693890709796,0.7085987329854562,0.9544079742852897
1121,0.23063645156090484,0.7163898001018502,0.9507499299328823
1122,0.11107342431895116,0.7241167462503997,0.9469583159042017
1123,0.5882072430283166,0.7317772817701996,0.9430342557363139
1124,0.5769068024286713,0.7393691366792478,0.9389789122129351
1125,0.6098409542743539,0.7468900613470886,0.9347934870198725
1126,0.31209365429047337,0.7543378271614284,0.9304792203889399
1127,0.6501061200365376,0.7617102271885206,0.9260373907304493
1128,0.2445764601579711,0.7690050768271273,0.9214693142543914
1129,0.12139997850733437,0.7762202144558652,0.9167763445804129
1130,0.6516374724625222,0.7833535020737393,0.9119598723367108
1131,0.6599155069582505,0.7904028259336795,0.9070213247479592
1132,0.6721260276180754,0.7973660971688894,0.9019621652123908
1133,0.6777678523453872,0.8042412524118221,0.896783892868162
1134,0.6440109343936382,0.8110262544056012,0.8914880421491244
1135,0.2379003008973188,0.8177190926077036,0.8860761823301398
1136,0.1106838697544463,0.8243177837857267,0.8805499170620704
1137,0.6205033313631724,0.830820372605063,0.8749108838965814
1138,0.6949619848476708,0.8372249322083081,0.8691607538009003
1139,0.6945489226801355,0.8435295647862298,0.8633012306626722
1140,0.6650334479608834,0.8497324021401301,0.8573340507850618
1141,0.6504453011659772,0.8558316062354328,0.8512609823722492
1142,0.24890857557358553,0.8618253697463331,0.8450838250054729
1143,0.11541561442157865,0.8677119165913463,0.8388044091097743
1144,0.6553080167642793,0.8734895024596006,0.8324245954116043
1145,0.6770726989414863,0.8791564153277123,0.8259462743874494
1146,0.6472617000698512,0.8847109759670968,0.8193713657036427
1147,0.6475370748482081,0.8901515384415595,0.8127018176475251
1148,0.6448303422707002,0.8954764905950221,0.8059396065501266
1149,0.2238864112621568,0.9006842545292396,0.7990867362005357
1150,0.120328703454946,0.9057732870713657,0.792145237252134
1151,0.6769518026973296,0.9107420802312278,0.7851171666208698
1152,0.6997407447208641,0.9155891616481773,0.7780046068757491
1153,0.6733450647466552,0.9203130950273817,0.7708096656217264
1154,0.7077904196442965,0.9249124805654299,0.7635344748751745
1155,0.5167978614797701,0.9293859553651242,0.7561811904321232
1156,0.25860378270915046,0.933732193839336,0.7487519912294498
1157,0.11826003438826502,0.9379499081038059,0.7412490786992133
1158,0.1339060233195422,0.9420378483587714,0.7336746761163224
1159,0.1448471334157219,0.94599480325931,0.7260310279397317
1160,0.734726774488206,0.9498196002742868,0.7183203991473593
1161,0.7465410241255173,0.9535111060338004,0.7105450745649252
1162,0.8341706517650852,0.9570682266650248,0.7027073581889085
1163,0.29466780398688946,0.960489908116348,0.6948095725038232
1164,0.1273709096770727,0.9637751364697102,0.6868540577940161
1165,0.7670430121970878,0.9669229382410494,0.6788431714501895
1166,0.7388137391865027,0.9699323806687654,0.6707792872708563
1167,0.7758885873945517,0.9728025719901178,0.6626647947589317
1168,0.7873199989253667,0.9755326617054743,0.6545020984136722
1169,0.7716840846811026,0.978121840830332,0.6462936170181702
1170,0.30234807371984307,0.9805693421350374,0.6380417829226168
1171,0.13719037128579872,0.9828744403721322,0.6297490413235436
1172,0.7764594863252916,0.9850364524912609,0.6214178495392584
1173,0.7933782440492183,0.9870547378415724,0.6130506762816887
1174,0.7835453495244749,0.9889286983615594,0.6046500009248492
1175,0.8137929181666756,0.9906577787562763,0.5962183127701497
1176,0.7963133361990221,0.9922414666618854,0.5877581103087609
1177,0.3049708505722422,0.9936792927974818,0.5792719004812584
1178,0.22315095911020366,0.9949708311041505,0.5707621979347612
1179,0.8103104346891624,0.9961156988712176,0.5622315242777888
1180,0.809171995056687,0.9971135568496556,0.5536824073330523
1181,0.8113951426575682,0.9979641093526098,0.5451173803884077
1182,0.8265810542152491,0.9986671043430171,0.5365389814461872
1183,0.8048163720380421,0.9992223335082902,0.5279497524711341
1184,0.30942722046101767,0.9996296323220442,0.5193522386371644
1185,0.13120264897103864,0.9998888800928506,0.5107489875731771
1186,0.7967801300306271,0.9999999999999998,0.5021425486081356
1187,0.1583740798452528,0.9999629591162654,0.49353547201564735
1188,0.8413539036053947,0.9997777684176605,0.48493030825826255
1189,0.8041548009241847,0.9994444827801856,0.4763296072317173
1190,0.859851028961367,0.9989632009635683,0.4677359175093442
1191,0.3352956584815432,0.9983340655819977,0.45915178558687486
1192,0.1432150341196067,0.997557263061865,0.45057975512785853
1193,0.8368941754876149,0.9966330235865221,0.44202236620992
1194,0.8498166406963624,0.9955616210280718,0.43348215457207917
1195,0.8328878082854226,0.9943433728662154,0.4249616508633572
1196,0.8382979152114342,0.9929786400941749,0.41646337989289034
1197,0.8331094513997099,0.9914678271117241,0.40798985988177516
1198,0.3461259470205792,0.9898113816053558,0.3995436017168643
1199,0.1413579334801999,0.9880097944156222,0.3911271082067372
1200,0.8131783622588792,0.9860635993916893,0.3827428733400637
1201,0.8345299822685509,0.983973373233145,0.3743933815465815
1202,0.8398729246144754,0.9817397353191111,0.3660811069609059
1203,0.3246702219117726,0.979363347524707,0.35780851268938996
1204,0.16143342646821773,0.976844914024923,0.3495780500802537
1205,0.24812610821557146,0.9741851810859572,0.3413921579971959
1206,0.1173533125570899,0.9713849368440814,0.33325326209670714
1207,0.7717646821772071,0.9684450110720986,0.3251637741092943
1208,0.8138063510826931,0.9653662749334637,0.3171260911248336
1209,0.8241899951641503,0.9621496407241392,0.30914259488226065
1210,0.8226821503411962,0.9587960616022619,0.3012156510638099
1211,0.7719124442533986,0.9553065313057022,0.2933476085940126
1212,0.2970622212669926,0.9516820838575968,0.2855407989436587
1213,0.1342519209069905,0.9479237932599466,0.2777975354389322
1214,0.8323068346676697,0.9440327731753663,0.270120112575923
1215,0.8546894309816776,0.9315750605238697,0.247505536109266
1216,0.8458438557842137,0.9271650405358791,0.2401140204981333
1217,0.3535342002041803,0.922628442327401,0.23279951196747167
1218,0.10324203428080168,0.9179666101903925,0.22556417796401879
1219,0.8138869485787975,0.9131809255263262,0.2184101624733909
1220,0.8422606254365699,0.9082728064368519,0.21133958538477465
1221,0.8105589436354844,0.9032437073035816,0.2043545418627567
1222,0.7839886357530493,0.8980951183571253,0.1974571017264823
1223,0.8337978883456021,0.8928285652355034,0.19064930883632264
1224,0.3593808769007576,0.8874456085320672,0.1839331804882352
1225,0.14701654935253344,0.8819478433330622,0.17731070681599587
1226,0.8012532910644243,0.8763368987449679,0.17078385020147802
1227,0.825388882918704,0.8706144374117601,0.16435454469315786
1228,0.8001114932029446,0.8647821550222323,0.1580246954330129
1229,0.8287706195260868,0.8588417798075278,0.15179617809198875
1230,0.8114488743216378,0.8527950720290267,0.1456708383141958
1231,0.3413706947504164,0.8466438234567419,0.13965049117000577
1232,0.1359679759282145,0.8403898568383805,0.1337369206182072
1233,0.8006353769276235,0.8340350253592232,0.12793187897738006
1234,0.8104817043683844,0.8275812120929855,0.12223708640664543
1235,0.8275784482295417,0.8210303294438234,0.11665423039594591
1236,0.8480401375530601,0.8143843185796448,0.11118496526600502
1237,0.828038525603138,0.8076451488569019,0.10583091167811753
1238,0.17995070119821613,0.8008148172370266,0.1005936561539113
1239,0.14369526086722906,0.7938953476946886,0.09547475060522748
1240,0.8055887647090431,0.7868887906180473,0.09047571187425496
1241,0.8975840900542691,0.7797972222011789,0.08559802128405802
1242,0.826094111009618,0.7653674814538514,0.07621242959958924
1243,0.8199922089087099,0.7580335849669948,0.07170730965869104
1244,0.33018443393691904,0.7506232275600918,0.06732909934120018
1245,0.14612326043737575,0.7431386050819703,0.06307909600532302
1246,0.8335661705443018,0.7355819353878023,0.05895855901877095
1247,0.8209862446939983,0.7279554576819043,0.05496870938558124
1248,0.8006219440116061,0.7202614318542135,0.051110729384308384
1249,0.8305437644403848,0.7125021378106332,0.04738576221768864
1250,0.8216780398688948,0.7046798747974478,0.043794911673884884
1251,0.37018429960775884,0.6967969607200065,0.0403392417994104
1252,0.15052925689108593,0.6888557314558776,0.0370197765838281
1253,0.8008939605609586,0.6808585401626779,0.03383749965632149
1254,0.8111164096502069,0.6728077565807811,0.030793353994223338
1255,0.819172801031648,0.6647057663311123,0.027888241643591327
1256,0.777722180430928,0.6565549702082383,0.025123023451912363
1257,0.8231724517758315,0.6483577834689584,0.02249851881301501
1258,0.2619250711944549,0.6401166351166132,0.020015505424265112
1259,0.03069085487077535,0.6318339671813187,0.017674719056117782
1260,0.10108940948901188,0.6235122339963383,0.0154768533340921
1261,0.7747467895330719,0.6151539014708124,0.01342255953323529
1262,0.8444065337703509,0.606761446359056,0.011512446385135933
1263,0.1727674493579066,0.5983373555266427,0.009747079897543365
1264,0.8191627263446349,0.5898841252134929,0.008126983186647563
1265,0.3329448981784966,0.581404260294184,0.006652636322068639
1266,0.12165520391166515,0.5729002735357023,0.005324476184601412
1267,0.7802307774971792,0.564374684852855,0.0041428963367586835
1268,0.7948995217881899,0.5558300205615664,0.0031082469061500806
1269,0.784042367417119,0.5472688126302745,0.00222083448173116
1270,0.7630400032238999,0.538693597929656,0.0014809220229555775
1271,0.8031775562839182,0.5301069174808948,0.0008887287818532541
1272,0.3241933533931546,0.5215113157027236,0.00044443023806217674
1273,0.13139070979528236,0.5129093396574573,0.0001481580468296051
1274,0.7986439471280427,0.5043035382962442,5.551115123125783e-17
1275,0.7847072967599807,0.495696461703756,0.0
1276,0.8042186072752674,0.4870906603425429,0.0001481580468296606
1277,0.8235049164472624,0.4784886842972765,0.00044443023806217674
1278,0.8242101445381764,0.46989308251910517,0.0008887287818532541
1279,0.35833646768040406,0.4613064020703438,0.0014809220229555775
1280,0.15139232174520445,0.45273118736972534,0.00222083448173116
1281,0.2994566385470958,0.44416997943843384,0.0031082469061499696
1282,0.15875691795174898,0.4356253151471452,0.0041428963367586835
1283,0.8462837837837839,0.427099726464298,0.005324476184601357
1284,0.8555189135457526,0.41859573970581615,0.006652636322068584
1285,0.8176548815216808,0.4101158747865071,0.008126983186647563
1286,0.36572457148997906,0.4016626444733573,0.009747079897543365
1287,0.17125960453495245,0.393238553640944,0.011512446385135877
1288,0.8170101015528451,0.3848460985291876,0.01342255953323529
1289,0.815330987050669,0.37648776600366174,0.0154768533340921
1290,0.8275750900005374,0.3681660328186811,0.017674719056117782
1291,0.8161671860727527,0.35988336488338657,0.020015505424265168
1292,0.8315075761646339,0.3516422165310418,0.0224985188130149
1293,0.34458451990758154,0.3434450297917617,0.025123023451912307
1294,0.14384302294342058,0.33529423366888766,0.02788824164359127
1295,0.7168777873300737,0.327192243419219,0.030793353994223283
1296,0.7170423405512869,0.31914145983732206,0.033837499656321435
1297,0.725098731932728,0.31114426854412236,0.0370197765838281
1298,0.6947537746494009,0.3032030392799935,0.04033924179941034
1299,0.678318601902101,0.29532012520255224,0.043794911673884884
1300,0.34306995862661865,0.28749786218936674,0.04738576221768859
1301,0.1632871688786202,0.2797385681457863,0.051110729384308384
1302,0.6810891408306916,0.2720445423180955,0.054968709385581294
1303,0.7055672720434153,0.2644180646121975,0.058958559018771006
1304,0.7156553919724895,0.2568613949180295,0.06307909600532308
1305,0.7262640373972382,0.2493767724399082,0.06732909934120013
1306,0.7338637096340874,0.2419664150330051,0.07170730965869099
1307,0.3370016388157541,0.23463251854614864,0.07621242959958918
1308,0.1566949653430767,0.22737725617114624,0.08084312419962769
1309,0.7844755789586805,0.22020277779882103,0.08559802128405797
1310,0.8139406802428671,0.2131112093819526,0.09047571187425485
1311,0.8561200365375317,0.20610465230531122,0.09547475060522753
1312,0.8290695019074742,0.1991851827629732,0.10059365615391136
1313,0.7755158239750686,0.19235485114309792,0.10583091167811759
1314,0.33380460480361074,0.185615681420355,0.11118496526600502
1315,0.15196993713395304,0.17896967055617663,0.1166542303959458
1316,0.8007126161947237,0.17241878790701437,0.12223708640664532
1317,0.8146358336467681,0.1659649746407768,0.12793187897737995
1318,0.7811777980764065,0.15961014316161948,0.13373692061820708
1319,0.7213072913868143,0.15335617654325812,0.1396504911700055
1320,0.8408736768577724,0.14720492797097345,0.14567083831419553
1321,0.25396271022513567,0.1411582201924722,0.15179617809198848
1322,0.163962172908495,0.1352178449777675,0.15802469543301295
1323,0.24872387297834617,0.1293855625882399,0.1643545446931577
1324,0.8028182257804525,0.12366310125503205,0.1707838502014779
1325,0.7738770082209446,0.11805215666693764,0.17731070681599587
1326,0.8343352049862985,0.11255439146793267,0.1839331804882351
1327,0.8201466874429102,0.10717143476449664,0.19064930883632253
1328,0.34107181236902906,0.10190488164287481,0.197457101726482
1329,0.1367705926602547,0.09675629269641833,0.2043545418627566
1330,0.7985566331739294,0.09172719356314812,0.21133958538477432
1331,0.8179739132770942,0.08681907447367371,0.2184101624733908
1332,0.7867759658266618,0.08203338980960773,0.22556417796401823
1333,0.8114992477567031,0.07737155767259885,0.23279951196747167
1334,0.8059951104185697,0.07283495946412089,0.24011402049813318
1335,0.3329549728655096,0.0684249394761301,0.24750553610926607
