,TOTAL,PRECIPITACION_LAG1,day_sin,day_cos
0,0.045809448009752264,0.0,0.508606757778765,0.9999259182325311
1,0.15478361324078085,0.0,0.517210965189451,0.9997036948821507
2,0.0836431289186203,0.0,0.5258100726197082,0.9993333957984336
3,0.5445685865597409,0.008333333333333333,0.5344015319684214,0.9988151307089901
4,0.5747589639226669,0.0,0.5429827974007665,0.9981490531869511
5,0.5845817507732296,0.0,0.5515513261025968,0.9973353606054616
6,0.5513488281499243,0.0,0.5601045790339344,0.9963742940791944
7,0.5653996111183872,0.0,0.5686400216813411,0.9952661383929028
8,0.19967626781114725,0.0,0.5771551248089506,0.9940112219170325
9,0.08856963432367174,0.018518518518518517,0.5856473652079353,0.9926099165104187
10,0.5591969829771943,0.0,0.5941142264441872,0.991062637410096
11,0.5839974208887859,0.0,0.6025531996039925,0.9893698431082549
12,0.5647414004439564,0.0,0.6109617840374757,0.9875320352163806
13,0.558736907148638,0.0,0.6193374880995972,0.9855497583166142
14,0.5484775519936059,0.0,0.6276778298884809,0.9834235998003825
15,0.18506130426460068,0.0,0.6359803379808554,0.9811541896943401
16,0.08829761868781,0.0,0.6442425521643902,0.9787422004736793
17,0.5392155875034002,0.0,0.6524620241667093,0.976188346862861
18,0.5398368577828374,0.0,0.6606363183808679,0.973493385623827
19,0.5331036312408278,0.0,0.6687630125870745,0.9706581153317544
20,0.5326234061059114,0.0,0.6768396986704476,0.9676833761384206
21,0.5068524432713071,0.037037037037037035,0.6848639833345912,0.964570049523249
22,0.17348552776070683,0.0,0.6928334888107813,0.9613190580321067
23,0.08394201029629554,0.06481481481481481,0.7007458535625493,0.9579313650039347
24,0.5245301013845931,0.0,0.7085987329854563,0.9544079742852897
25,0.5374222992373487,0.0,0.7163898001018503,0.9507499299328824
26,0.5487092690167474,0.0,0.7241167462503998,0.9469583159042017
27,0.5157819442065706,0.0,0.7317772817701997,0.943034255736314
28,0.5227468877717217,0.027777777777777776,0.7393691366792479,0.9389789122129351
29,0.1919926656524849,0.0,0.7468900613470887,0.9347934870198725
30,0.09356666230098362,0.0,0.7543378271614285,0.9304792203889398
31,0.5629447539601782,0.0,0.7617102271885207,0.9260373907304493
32,0.5744533661095383,0.0,0.7690050768271275,0.9214693142543913
33,0.5840813763319531,0.0,0.7762202144558653,0.9167763445804128
34,0.5753231445007505,0.0,0.7833535020737394,0.9119598723367108
35,0.5727306004157473,0.0,0.7904028259336797,0.907021324747959
36,0.19444752281069388,0.0,0.7973660971688896,0.9019621652123908
37,0.08374051723269425,0.37037037037037035,0.8042412524118222,0.8967838928681618
38,0.10465549723450769,0.09259259259259259,0.8110262544056013,0.8914880421491242
39,0.1087995379092408,0.0,0.8177190926077037,0.8860761823301397
40,0.5919866208605769,0.0,0.8243177837857267,0.8805499170620703
41,0.5920772927391974,0.0,0.8308203726050631,0.8749108838965813
42,0.5723376889417248,0.41666666666666663,0.8372249322083083,0.8691607538009001
43,0.18611914284850742,0.0,0.8435295647862299,0.863301230662672
44,0.10074317358291607,0.0,0.8497324021401302,0.8573340507850616
45,0.5711623127373839,0.0,0.855831606235433,0.8512609823722492
46,0.5781776295684354,0.3611111111111111,0.8618253697463332,0.8450838250054727
47,0.5839033907924386,0.0,0.8677119165913464,0.8388044091097742
48,0.604969490591953,0.28703703703703703,0.8734895024596006,0.8324245954116043
49,0.5570242161080271,0.027777777777777776,0.8791564153277124,0.8259462743874493
50,0.21697444732131763,0.0,0.8847109759670969,0.8193713657036426
51,0.09956779737857524,0.0,0.8901515384415595,0.8127018176475251
52,0.6040694882412005,0.0,0.8954764905950221,0.8059396065501265
53,0.6165553417490269,0.0,0.9006842545292397,0.7990867362005356
54,0.5998918653892006,0.0,0.9057732870713657,0.792145237252134
55,0.631993068638612,0.06481481481481481,0.9107420802312278,0.7851171666208697
56,0.5775865832485383,0.1388888888888889,0.9155891616481773,0.7780046068757491
57,0.22613230706199605,0.0,0.9203130950273818,0.7708096656217263
58,0.1002797395366331,0.0,0.9249124805654301,0.7635344748751745
59,0.6209310994469015,0.037037037037037035,0.9293859553651244,0.7561811904321232
60,0.6108396551782038,0.0,0.9337321938393361,0.7487519912294497
61,0.6527938692377181,0.0,0.937949908103806,0.7412490786992132
62,0.6595909019165348,0.0,0.9420378483587715,0.7336746761163224
63,0.6585901530339817,0.027777777777777776,0.9459948032593103,0.7260310279397317
64,0.24272526084956192,0.0,0.949819600274287,0.7183203991473592
65,0.1079230430825752,0.0,0.9535111060338006,0.7105450745649251
66,0.6634562105199528,0.0,0.9570682266650249,0.7027073581889085
67,0.6880417224970363,0.0,0.9604899081163483,0.6948095725038231
68,0.6624756109437598,0.0,0.9637751364697105,0.686854057794016
69,0.677234977852554,0.001851851851851852,0.9669229382410496,0.6788431714501894
70,0.67397414843994,0.0,0.9699323806687655,0.6707792872708562
71,0.26323725472417275,0.0,0.9728025719901179,0.6626647947589317
72,0.11529768921038226,0.0,0.9755326617054744,0.6545020984136722
73,0.6816846163404158,0.0,0.9781218408303322,0.6462936170181701
74,0.7312451935508786,0.0,0.9805693421350374,0.6380417829226167
75,0.7368702082430811,0.0,0.9828744403721323,0.6297490413235435
76,0.6910036705319752,0.25925925925925924,0.985036452491261,0.6214178495392583
77,0.6283359695342488,0.008333333333333333,0.9870547378415725,0.6130506762816887
78,0.2678279383565554,0.0,0.9889286983615595,0.6046500009248492
79,0.11984807423004462,0.10185185185185185,0.9906577787562763,0.5962183127701497
80,0.6944525601372838,0.018518518518518517,0.9922414666618855,0.5877581103087609
81,0.716254109618943,0.0,0.993679292797482,0.5792719004812583
82,0.6005534342813582,0.0,0.9949708311041507,0.5707621979347611
83,0.2914127014510859,0.0,0.9961156988712179,0.5622315242777887
84,0.1252413718991057,0.0,0.9971135568496559,0.5536824073330523
85,0.2098449510875588,0.037037037037037035,0.9979641093526099,0.5451173803884077
86,0.1027648206543823,0.0,0.9986671043430173,0.5365389814461871
87,0.690919715088808,0.0,0.9992223335082902,0.527949752471134
88,0.6991742142610073,0.0,0.9996296323220443,0.5193522386371643
89,0.7153406743972839,0.0,0.9998888800928507,0.510748987573177
90,0.6984018241838691,0.0,1.0,0.5021425486081355
91,0.6607897856449625,0.48148148148148145,0.9999629591162655,0.4935354720156473
92,0.18866803010306368,0.09259259259259259,0.9997777684176605,0.4849303082582625
93,0.1226488278141025,0.009259259259259259,0.9994444827801858,0.47632960723171724
94,0.6896368759172131,0.2222222222222222,0.9989632009635685,0.4677359175093441
95,0.7300866084351713,0.1388888888888889,0.9983340655819979,0.4591517855868748
96,0.7292940690516728,0.0,0.9975572630618652,0.4505797551278585
97,0.7433146280605957,0.018518518518518517,0.9966330235865223,0.44202236620991997
98,0.7282731708627597,0.07407407407407407,0.9955616210280721,0.43348215457207906
99,0.2894246365568865,0.037037037037037035,0.9943433728662157,0.42496165086335713
100,0.11557642128169737,0.009259259259259259,0.9929786400941751,0.4164633798928903
101,0.7338847526840555,0.0,0.9914678271117243,0.4079898598817751
102,0.7477810576370908,0.05555555555555555,0.9898113816053558,0.3995436017168643
103,0.7203141948505088,0.018518518518518517,0.9880097944156223,0.39112710820673713
104,0.7437209724055249,0.037037037037037035,0.9860635993916894,0.3827428733400636
105,0.6858991795874093,0.25925925925925924,0.9839733732331453,0.3743933815465815
106,0.26944659930081905,0.004629629629629629,0.9817397353191112,0.36608110696090584
107,0.10436669051001252,0.07407407407407407,0.979363347524707,0.35780851268938996
108,0.7481269540629397,0.3055555555555555,0.9768449140249231,0.34957805008025367
109,0.7318698220480426,0.027777777777777776,0.9741851810859574,0.34139215799719586
110,0.7737770210593833,0.0,0.9713849368440816,0.33325326209670714
111,0.7486474778105763,0.0,0.9684450110720988,0.3251637741092943
112,0.7379952111815217,0.004629629629629629,0.9653662749334638,0.3171260911248336
113,0.2881048569902981,0.0,0.9621496407241394,0.3091425948822606
114,0.12045926985630186,0.2777777777777778,0.9587960616022622,0.3012156510638099
115,0.7050376624118048,0.007407407407407408,0.9553065313057024,0.29334760859401254
116,0.7366485658731198,0.0,0.951682083857597,0.2855407989436586
117,0.7389220792740876,0.0,0.9479237932599468,0.27779753543893215
118,0.7345093811812194,0.0,0.9440327731753664,0.27012011257592294
119,0.7032712398875668,0.0,0.9400101765970822,0.26251080534071763
120,0.2974608515768511,0.0,0.9358571955072748,0.25497186853527215
121,0.11522716663812181,0.0,0.93157506052387,0.2475055361092659
122,0.7287063809495025,0.0,0.9271650405358792,0.24011402049813318
123,0.7520661434563448,0.0,0.9226284423274012,0.23279951196747156
124,0.7649919234863672,0.0,0.9179666101903927,0.22556417796401862
125,0.7844763027366116,0.027777777777777776,0.9131809255263263,0.2184101624733908
126,0.7519754715777243,0.0,0.908272806436852,0.21133958538477454
127,0.33853521259197317,0.0,0.9032437073035817,0.2043545418627566
128,0.13582311595589988,0.0,0.8980951183571253,0.19745710172648218
129,0.7308623567300362,0.0,0.8928285652355035,0.19064930883632253
130,0.7491512104695796,0.0,0.8874456085320673,0.1839331804882351
131,0.757006081732303,0.0,0.8819478433330623,0.17731070681599576
132,0.775039710924618,0.0,0.876336898744968,0.1707838502014779
133,0.715844407056287,0.0,0.8706144374117601,0.16435454469315774
134,0.29265860022768714,0.0027777777777777775,0.8647821550222323,0.15802469543301284
135,0.10939730066459129,0.027777777777777776,0.8588417798075281,0.1517961780919887
136,0.7256403281650362,0.0,0.8527950720290268,0.14567083831419575
137,0.7389455867981745,0.0,0.8466438234567422,0.13965049117000577
138,0.7470590408258528,0.0,0.8403898568383805,0.13373692061820713
139,0.7538661481578496,0.0,0.8340350253592232,0.12793187897738
140,0.7453900066156889,0.0,0.8275812120929857,0.12223708640664543
141,0.291637702038774,0.0,0.8210303294438235,0.11665423039594591
142,0.1322331812060703,0.0,0.8143843185796449,0.11118496526600496
143,0.7345093811812194,0.0,0.8076451488569021,0.10583091167811753
144,0.7620534829755152,0.0,0.8008148172370269,0.1005936561539113
145,0.15883026560144,0.0,0.7938953476946888,0.09547475060522748
146,0.7511023349687853,0.0,0.7868887906180475,0.0904757118742549
147,0.7293276512289397,0.009259259259259259,0.7797972222011791,0.08559802128405797
148,0.27552497338612447,0.28703703703703703,0.772622743828854,0.08084312419962769
149,0.10158608623231478,0.037037037037037035,0.7653674814538516,0.07621242959958918
150,0.7262212998317532,0.0027777777777777775,0.758033584966995,0.07170730965869099
151,0.7462228446119076,0.0,0.7506232275600919,0.06732909934120013
152,0.7510754692269718,0.00648148148148148,0.7431386050819704,0.06307909600532297
153,0.7657072238621518,0.027777777777777776,0.7355819353878024,0.05895855901877084
154,0.8081819616693028,0.018518518518518517,0.7279554576819045,0.05496870938558113
155,0.26760629598659397,0.037037037037037035,0.7202614318542137,0.05111072938430827
156,0.1354201298286973,0.0,0.7125021378106333,0.04738576221768853
157,0.7559650342370297,0.0,0.7046798747974479,0.04379491167388483
158,0.7625303498927049,0.0,0.6967969607200066,0.040339241799410286
159,0.7682796186407949,0.0,0.6888557314558778,0.037019776583828046
160,0.763994532821541,0.007407407407407408,0.680858540162678,0.033837499656321435
161,0.7742102311461261,0.0,0.6728077565807811,0.030793353994223283
162,0.3090399862984717,0.0,0.6647057663311124,0.02788824164359127
163,0.13157497053163944,0.0,0.6565549702082383,0.025123023451912363
164,0.7489127770109847,0.0,0.6483577834689586,0.02249851881301501
165,0.7693240243537949,0.0,0.6401166351166133,0.020015505424265112
166,0.8646604673967432,0.0,0.6318339671813187,0.017674719056117782
167,0.8118760011686598,0.0,0.6235122339963384,0.015476853334092155
168,0.20616770267683535,0.0,0.6151539014708125,0.013422559533235345
169,0.28362835276062287,0.0,0.606761446359056,0.011512446385135933
170,0.12311562007811214,0.0,0.5983373555266428,0.009747079897543365
171,0.12928466604203817,0.0,0.589884125213493,0.008126983186647563
172,0.7531709970884252,0.0,0.5814042602941841,0.006652636322068528
173,0.7561900348247178,0.0,0.5729002735357023,0.005324476184601301
174,0.7632389338330361,0.0,0.564374684852855,0.0041428963367585725
175,0.7601695228308432,0.0,0.5558300205615665,0.003108246906149914
176,0.2830574557470859,0.0,0.5472688126302745,0.002220834481731049
177,0.10546146948891284,0.12037037037037036,0.5386935979296561,0.0014809220229554665
178,0.6319225460663517,0.06481481481481481,0.5301069174808949,0.0008887287818531986
179,0.7493963603636278,0.0,0.5215113157027236,0.00044443023806217674
180,0.7581176517998367,0.0027777777777777775,0.5129093396574573,0.0001481580468296606
181,0.7495273308549686,0.027777777777777776,0.5043035382962443,0.0
182,0.7417866389949526,0.046296296296296294,0.49569646170375603,0.0
183,0.2689898816899895,0.37037037037037035,0.48709066034254295,0.0001481580468296606
184,0.09991369380442411,0.4444444444444444,0.47848868429727653,0.00044443023806217674
185,0.703442508991628,0.009259259259259259,0.4698930825191052,0.0008887287818531986
186,0.7551254798053576,0.046296296296296294,0.4613064020703438,0.0014809220229554665
187,0.7739751559052579,0.0,0.4527311873697254,0.002220834481731049
188,0.8064558377577852,0.0,0.4441699794384339,0.0031082469061498585
189,0.22990022735134008,0.0,0.43562531514714525,0.0041428963367585725
190,0.21995318644488995,0.0,0.42709972646429806,0.005324476184601246
191,0.1308529537204015,0.0,0.4185957397058162,0.0066526363220684726
192,0.7438217189373255,0.1388888888888889,0.41011587478650713,0.008126983186647507
193,0.7670505109528271,0.0,0.4016626444733573,0.00974707989754331
194,0.7644143100373769,0.0,0.39323855364094407,0.011512446385135933
195,0.7908501999818656,0.009259259259259259,0.38484609852918766,0.01342255953323529
196,0.7585206379270393,0.0,0.3764877660036618,0.0154768533340921
197,0.3041201973288736,0.0,0.3681660328186812,0.017674719056117782
198,0.13965820059977768,0.0,0.3598833648833866,0.020015505424265168
199,0.6816846163404158,0.0,0.3516422165310418,0.0224985188130149
200,0.7090037175470234,0.0,0.3434450297917618,0.025123023451912307
201,0.6948454716113064,0.0,0.33529423366888766,0.027888241643591216
202,0.6689401800676344,0.0,0.32719224341921904,0.030793353994223227
203,0.6704446616091907,0.0,0.3191414598373221,0.03383749965632138
204,0.29670861080607297,0.0,0.31114426854412236,0.03701977658382799
205,0.14172686271941753,0.0,0.30320303927999354,0.04033924179941023
206,0.5916978141360817,0.2685185185185185,0.29532012520255224,0.04379491167388477
207,0.5740604546355158,0.2037037037037037,0.28749786218936674,0.047385762217688476
208,0.6800961793556923,0.0,0.2797385681457863,0.05111072938430833
209,0.6686077165126924,0.0,0.27204454231809544,0.05496870938558118
210,0.6858588809746891,0.0,0.2644180646121975,0.058958559018770895
211,0.29031456425445884,0.00648148148148148,0.2568613949180295,0.06307909600532302
212,0.10884319473968775,0.14814814814814814,0.24937677243990813,0.06732909934120007
213,0.7115895451965732,0.0,0.2419664150330051,0.07170730965869093
214,0.7428646268852195,0.0,0.23463251854614858,0.07621242959958913
215,0.7410746968368946,0.0,0.22737725617114618,0.08084312419962764
216,0.7661068517716277,0.0,0.22020277779882103,0.08559802128405791
217,0.7490773296795924,0.018518518518518517,0.2131112093819526,0.09047571187425485
218,0.31635082628947164,0.0,0.20610465230531116,0.09547475060522753
219,0.17718628369551712,0.0,0.19918518276297315,0.10059365615391136
220,0.7519015907877371,0.027777777777777776,0.19235485114309786,0.10583091167811759
221,0.7715169405293222,0.0,0.185615681420355,0.11118496526600508
222,0.7833546580158978,0.0,0.17896967055617657,0.1166542303959458
223,0.7963442441827273,0.0,0.17241878790701431,0.12223708640664538
224,0.7862998149622032,0.0,0.1659649746407768,0.12793187897737995
225,0.30314295597040736,0.0,0.15961014316161948,0.13373692061820708
226,0.15010897416523103,0.0,0.15335617654325817,0.1396504911700055
227,0.15607652706555575,0.0,0.14720492797097345,0.14567083831419553
228,0.7733673184967274,0.0,0.1411582201924722,0.15179617809198848
229,0.7830557766382226,0.0,0.13521784497776757,0.1580246954330129
230,0.7976270833543222,0.0,0.12938556258823997,0.16435454469315763
231,0.7126406673450266,0.0,0.12366310125503205,0.17078385020147785
232,0.32082733051914686,0.0,0.11805215666693769,0.1773107068159958
233,0.1432917921800542,0.0,0.11255439146793272,0.18393318048823504
234,0.7625840813763319,0.0,0.10717143476449664,0.19064930883632247
235,0.7818401018211614,0.0,0.10190488164287487,0.1974571017264819
236,0.7817091313298206,0.0,0.09675629269641833,0.20435454186275648
237,0.7589504897960554,0.0,0.09172719356314812,0.21133958538477426
238,0.7653411781299428,0.05555555555555555,0.08681907447367371,0.21841016247339068
239,0.23081030435527256,0.4351851851851852,0.08203338980960767,0.22556417796401818
240,0.1334757217649449,0.0,0.07737155767259885,0.23279951196747162
241,0.7642497573687692,0.0,0.07283495946412083,0.24011402049813307
242,0.7797009171292612,0.0,0.06842493947613004,0.247505536109266
243,0.7861151129872354,0.0,0.0641428044927253,0.2549718685352721
244,0.7619896768387081,0.0,0.05998982340291786,0.2625108053407175
245,0.746928070334512,0.0,0.055967226824633676,0.2701201125759226
246,0.3078746847473109,0.0,0.052076206740053255,0.27779753543893204
247,0.1283443650785655,0.1111111111111111,0.04831791614240322,0.2855407989436583
248,0.7083387904371392,0.12037037037037036,0.04469346869429763,0.29334760859401243
249,0.7148067177787404,0.027777777777777776,0.04120393839773795,0.30121565106380954
250,0.77795800212911,0.000925925925925926,0.03785035927586056,0.3091425948822607
251,0.7996856708207819,0.0,0.034633725066536225,0.3171260911248335
252,0.7931640119955536,0.0,0.03155498892790126,0.32516377410929437
253,0.31760008328379963,0.0,0.028615063155918496,0.333253262096707
254,0.16738028793358786,0.0,0.02581481891404258,0.3413921579971959
255,0.7263858525003609,0.25,0.023155085975076983,0.34957805008025333
256,0.795249465203827,0.0,0.02063665247529295,0.35780851268938985
257,0.7870957125634283,0.0,0.018260264680888927,0.3660811069609055
258,0.8148177998972385,0.0,0.016026626766854846,0.3743933815465814
259,0.7465284424250361,0.0,0.01393640060831064,0.3827428733400633
260,0.3137146253740215,0.0,0.0119902055843778,0.3911271082067369
261,0.15223136776849788,0.0,0.010188618394644244,0.3995436017168642
262,0.7659691648448335,0.0,0.008532172888275735,0.4079898598817752
263,0.7683132008180618,0.0,0.00702135990582492,0.4164633798928902
264,0.7356108765955731,0.0,0.005656627133784398,0.42496165086335713
265,0.778216584894065,0.0,0.004438378971927948,0.43348215457207884
266,0.7718628369551711,0.0,0.003366976413477718,0.44202236620991986
267,0.3002817544672691,0.0,0.002442736938134793,0.45057975512785814
268,0.14721754870255258,0.0,0.001665934418002224,0.45915178558687453
269,0.7299623543792838,0.0,0.0010367990364315571,0.4677359175093441
270,0.7703852211554283,0.0,0.0005555172198142833,0.476329607231717
271,0.7719199266565248,0.0,0.0002222315823394716,0.4849303082582624
272,0.7666340919547178,0.0,3.704088373446268e-05,0.49353547201564724
273,0.7621407966364091,0.0,0.0,0.5021425486081352
274,0.31338552003680603,0.0,0.00011111990714929298,0.510748987573177
275,0.11963314829553659,0.037037037037037035,0.00037036767795572967,0.5193522386371641
276,0.7483351635619944,0.0,0.0007776664917097942,0.5279497524711337
277,0.7683199172535151,0.0,0.0013328956569827466,0.5365389814461871
278,0.7008331738179913,0.0027777777777777775,0.0020358906473899596,0.5451173803884074
279,0.7909576629491196,0.037037037037037035,0.0028864431503441423,0.5536824073330523
280,0.7611232566652226,0.037037037037037035,0.0038843011287820195,0.5622315242777884
281,0.3225635290838446,0.0,0.005029168895849256,0.5707621979347611
282,0.18181054950516662,0.0,0.006320707202518039,0.5792719004812583
283,0.14576679864462333,0.0,0.007758533338114382,0.5877581103087607
284,0.8052972526420777,0.0,0.009342221243723692,0.5962183127701496
285,0.762765425133573,0.009259259259259259,0.011071301638440556,0.6046500009248494
286,0.7941748355312868,0.0,0.01294526215842745,0.6130506762816885
287,0.8039707566400359,0.31481481481481477,0.014963547508739017,0.6214178495392584
288,0.2839675327510184,0.15740740740740738,0.017125559627867604,0.6297490413235433
289,0.1348861732101539,0.0,0.01943065786496251,0.6380417829226167
290,0.7584467571370522,0.0,0.021878159169667732,0.6462936170181699
291,0.7671881978796213,0.37037037037037035,0.024467338294525576,0.654502098413672
292,0.7706740278799236,0.23148148148148145,0.027197428009881952,0.6626647947589314
293,0.7774139708573865,0.009259259259259259,0.03006761933123453,0.6707792872708565
294,0.7880729539218945,0.0,0.03307706175895042,0.6788431714501894
295,0.33989193255355515,0.0,0.036224863530289586,0.6868540577940161
296,0.1453167974692471,0.0,0.03951009188365173,0.694809572503823
297,0.7546788368477081,0.0,0.04293177333497511,0.7027073581889085
298,0.7844729445188849,0.12037037037037036,0.04648889396619932,0.7105450745649249
299,0.7569053352005023,0.007407407407407408,0.05018039972571292,0.7183203991473592
300,0.8055188950120392,0.0,0.0540051967406896,0.7260310279397315
301,0.7717285082461036,0.0,0.05796215164122842,0.7336746761163223
302,0.2875742585894814,0.0,0.062050091896193815,0.7412490786992127
303,0.1565466775472921,0.0,0.06626780616066363,0.7487519912294495
304,0.7099675260345829,0.15740740740740738,0.07061404463487553,0.7561811904321231
305,0.6774666948756956,0.24074074074074073,0.07508751943456998,0.7635344748751746
306,0.745829933137885,0.001851851851851852,0.07968690497261816,0.7708096656217263
307,0.7600184030331422,0.0,0.08441083835182267,0.7780046068757491
308,0.7800871121678302,0.0,0.08925791976877195,0.7851171666208696
309,0.29936160281015656,0.0,0.09422671292863416,0.7921452372521339
310,0.07643303545942097,0.0,0.09931574547076011,0.7990867362005354
311,0.7161802288289558,0.0,0.10452350940497779,0.8059396065501265
312,0.7443086605076953,0.0,0.10984846155844019,0.8127018176475248
313,0.7434489567696632,0.0,0.11528902403290292,0.8193713657036424
314,0.7550482407976439,0.0,0.12084358467228756,0.8259462743874493
315,0.7380858830601422,0.0,0.12651049754039945,0.8324245954116043
316,0.30159817581613085,0.0027777777777777775,0.13228808340865345,0.838804409109774
317,0.1079230430825752,0.19444444444444442,0.13817463025366689,0.8450838250054729
318,0.7240317418739526,0.0,0.1441683937645668,0.851260982372249
319,0.7376123743606793,0.0,0.15026759785986976,0.8573340507850616
320,0.7420284306712741,0.0,0.15647043521376985,0.8633012306626717
321,0.7524288309708271,0.0,0.16277506779169165,0.8691607538009001
322,0.7823304016092579,0.0,0.16917962739493653,0.8749108838965811
323,0.30149071284887685,0.0,0.175682216214273,0.8805499170620701
324,0.13451676926021822,0.0,0.18228090739229624,0.8860761823301397
325,0.7087249854757083,0.0,0.1889737455943984,0.891488042149124
326,0.7323970622311327,0.0,0.19575874758817763,0.8967838928681617
327,0.7356578916437468,0.0,0.2026339028311101,0.9019621652123905
328,0.753775476279229,0.0,0.2095971740663201,0.9070213247479589
329,0.7449400054403127,0.0,0.21664649792626012,0.9119598723367105
330,0.27625370663281584,0.38888888888888884,0.22377978554413436,0.9167763445804127
331,0.13942984179436288,0.0,0.2309949231728728,0.9214693142543915
332,0.13444960490568444,0.0,0.23828977281147934,0.9260373907304493
333,0.7421594011626149,0.0,0.24566217283857156,0.93047922038894
334,0.7703617136313415,0.0,0.2531099386529112,0.9347934870198724
335,0.7821591325051968,0.0,0.26063086332075225,0.9389789122129352
336,0.7592695204800908,0.0,0.26822271822980004,0.9430342557363139
337,0.29728286603733667,0.0,0.2758832537496002,0.9469583159042017
338,0.12438166816107354,0.0,0.28361019989814945,0.9507499299328823
339,0.7416254445440715,0.003703703703703704,0.29140126701454366,0.9544079742852896
340,0.83333165422447,0.0,0.2992541464374504,0.9579313650039346
341,6.0447919080385656e-05,0.0,0.3071665111892185,0.9613190580321067
342,0.18005420163410873,0.0,0.3151360166654088,0.964570049523249
343,0.1765985955933467,0.0,0.3231603013295522,0.9676833761384205
344,0.26058426272008917,0.0,0.3312369874129254,0.9706581153317543
345,0.11371261044338547,0.0,0.3393636816191318,0.9734933856238269
346,0.7497321821362966,0.0,0.3475379758332905,0.9761883468628609
347,0.7654452828794701,0.0,0.3557574478356095,0.9787422004736792
348,0.7731893329572129,0.0,0.3640196620191447,0.9811541896943402
349,0.7609654204320683,0.0,0.3723221701115185,0.9834235998003824
350,0.7592963862219043,0.0,0.3806625119004028,0.9855497583166142
351,0.31525268909284465,0.0,0.38903821596252364,0.9875320352163803
352,0.10945103214821829,0.09259259259259259,0.3974468003960075,0.9893698431082549
353,0.39596409393606624,0.0,0.4058857735558129,0.991062637410096
354,0.8286335076248333,0.0,0.41435263479206463,0.9926099165104187
355,0.7900744516870006,0.0,0.42284487519104946,0.9940112219170325
356,0.7625572156345184,0.25,0.43135997831865874,0.9952661383929027
357,0.6815167054540814,0.0,0.4398954209660656,0.9963742940791944
358,0.17827770445669072,0.1388888888888889,0.44844867389740284,0.9973353606054616
359,0.05132028329924742,0.35185185185185186,0.45701720259923345,0.998149053186951
360,0.5902067654654322,0.0,0.46559846803157817,0.9988151307089901
361,0.6708745134782068,0.0,0.4741899273802915,0.9993333957984336
362,0.6688830903662808,0.0,0.482789034810549,0.9997036948821507
363,0.6619382961074898,0.0,0.49139324222123476,0.9999259182325311
364,0.5306857144776124,0.0,0.5000000000000003,1.0
365,0.13718991057066193,0.0,0.5086067577787645,0.9999259182325311
366,0.046282956709215284,0.0,0.508606757778765,0.9999259182325311
367,0.4104749527330855,0.0,0.517210965189451,0.9997036948821507
368,0.44378847258183135,0.09259259259259259,0.5258100726197082,0.9993333957984336
369,0.4756646752435547,0.0,0.5344015319684214,0.9988151307089901
370,0.48532626764323633,0.0,0.5429827974007665,0.9981490531869511
371,0.47065421439533606,0.0,0.5515513261025968,0.9973353606054616
372,0.15453174691127924,0.35833333333333334,0.5601045790339344,0.9963742940791944
373,0.07211772568062677,0.0,0.5686400216813411,0.9952661383929028
374,0.4556496975924937,0.2777777777777778,0.5771551248089506,0.9940112219170325
375,0.5003576501878922,0.0,0.5856473652079353,0.9926099165104187
376,0.4849367143869405,0.0,0.5941142264441872,0.991062637410096
377,0.47354228164028783,0.0,0.6025531996039925,0.9893698431082549
378,0.45190528482723646,0.0,0.6109617840374757,0.9875320352163806
379,0.16376012922421812,0.0,0.6193374880995972,0.9855497583166142
380,0.07058302017953032,0.1111111111111111,0.6276778298884809,0.9834235998003825
381,0.4377168149319793,0.018518518518518517,0.6359803379808554,0.9811541896943401
382,0.4631217320343747,0.0,0.6442425521643902,0.9787422004736793
383,0.46463293001138434,0.0,0.6524620241667093,0.976188346862861
384,0.4674605493372557,0.0,0.6606363183808679,0.973493385623827
385,0.4399433132847735,0.0,0.6687630125870745,0.9706581153317544
386,0.1495515100226008,0.0,0.6768396986704476,0.9676833761384206
387,0.07625169170217981,0.0,0.6848639833345912,0.964570049523249
388,0.4341268801821497,0.0,0.6928334888107813,0.9613190580321067
389,0.44134033185907573,0.08333333333333333,0.7007458535625493,0.9579313650039347
390,0.4590280646255419,0.0,0.7085987329854563,0.9544079742852897
391,0.4567646258777541,0.0,0.7163898001018503,0.9507499299328824
392,0.4500280411180178,0.0,0.7241167462503998,0.9469583159042017
393,0.15706720129492874,0.0,0.7317772817701997,0.943034255736314
394,0.07991214902426984,0.0,0.7393691366792479,0.9389789122129351
395,0.4464481810213683,0.018518518518518517,0.7468900613470887,0.9347934870198725
396,0.45244931609895994,0.046296296296296294,0.7543378271614285,0.9304792203889398
397,0.4864982856298505,0.0,0.7617102271885207,0.9260373907304493
398,0.5002434707851848,0.0,0.7690050768271275,0.9214693142543913
399,0.49619681842452573,0.0,0.7762202144558653,0.9167763445804128
400,0.15927019212363613,0.14814814814814814,0.7833535020737394,0.9119598723367108
401,0.06887368735664608,0.018518518518518517,0.7904028259336797,0.907021324747959
402,0.48580649277815274,0.0,0.7973660971688896,0.9019621652123908
403,0.5114196193796028,0.0,0.8042412524118222,0.8967838928681618
404,0.506593860506352,0.0,0.8110262544056013,0.8914880421491242
405,0.5006028000819405,0.0,0.8177190926077037,0.8860761823301397
406,0.4809572263808151,0.037037037037037035,0.8243177837857267,0.8805499170620703
407,0.1750437407858901,0.046296296296296294,0.8308203726050631,0.8749108838965813
408,0.06397068947568146,0.32407407407407407,0.8372249322083083,0.8691607538009001
409,0.45974336500132645,0.24074074074074073,0.8435295647862299,0.863301230662672
410,0.5132632809115546,0.027777777777777776,0.8497324021401302,0.8573340507850616
411,0.5195733720200015,0.0,0.855831606235433,0.8512609823722492
412,0.5223036030317989,0.005555555555555555,0.8618253697463332,0.8450838250054727
413,0.49864495914728135,0.037037037037037035,0.8677119165913464,0.8388044091097742
414,0.17973181273234667,0.0,0.8734895024596006,0.8324245954116043
415,0.09926555778317331,0.0,0.8791564153277124,0.8259462743874493
416,0.5062949791286768,0.0,0.8847109759670969,0.8193713657036426
417,0.49814122648827813,0.3055555555555555,0.8901515384415595,0.8127018176475251
418,0.5230491273671237,0.15740740740740738,0.8954764905950221,0.8059396065501265
419,0.5310316109034613,0.0,0.9006842545292397,0.7990867362005356
420,0.5162386618174002,0.0,0.9057732870713657,0.792145237252134
421,0.15997205962851394,0.0,0.9107420802312278,0.7851171666208697
422,0.08061737474687433,0.0,0.9155891616481773,0.7780046068757491
423,0.08582597044096757,0.0,0.9203130950273818,0.7708096656217263
424,0.09635734123186142,0.0,0.9249124805654301,0.7635344748751745
425,0.5374961800273359,0.0,0.9293859553651244,0.7561811904321232
426,0.5660947621878116,0.003703703703703704,0.9337321938393361,0.7487519912294497
427,0.5780835994720881,0.0,0.937949908103806,0.7412490786992132
428,0.19881320585538842,0.0,0.9420378483587715,0.7336746761163224
429,0.10180101216682282,0.0,0.9459948032593103,0.7260310279397317
430,0.6111721187331459,0.0,0.949819600274287,0.7183203991473592
431,0.5705611917643069,0.0,0.9535111060338006,0.7105450745649251
432,0.6496640103164448,0.38888888888888884,0.9570682266650249,0.7027073581889085
433,0.6018765720656732,0.0,0.9604899081163483,0.6948095725038231
434,0.6190135571249626,0.0,0.9637751364697105,0.686854057794016
435,0.20848151469052342,0.0,0.9669229382410496,0.6788431714501894
436,0.09815062949791287,0.0,0.9699323806687655,0.6707792872708562
437,0.6073471087424481,0.0,0.9728025719901179,0.6626647947589317
438,0.6461882549693226,0.0,0.9755326617054744,0.6545020984136722
439,0.6158198920668823,0.2777777777777778,0.9781218408303322,0.6462936170181701
440,0.6320803822995059,0.0,0.9805693421350374,0.6380417829226167
441,0.6259952917787471,0.0,0.9828744403721323,0.6297490413235435
442,0.23363120724569056,0.0,0.985036452491261,0.6214178495392583
443,0.11380664053973275,0.0,0.9870547378415725,0.6130506762816887
444,0.6299613469139658,0.0,0.9889286983615595,0.6046500009248492
445,0.6344882244095413,0.0,0.9906577787562763,0.5962183127701497
446,0.6655920369941264,0.0,0.9922414666618855,0.5877581103087609
447,0.6572468659433065,0.0,0.993679292797482,0.5792719004812583
448,0.21964087219630796,0.12037037037037036,0.9949708311041507,0.5707621979347611
449,0.2107214459142244,0.0,0.9961156988712179,0.5622315242777887
450,0.09743197090440162,0.0,0.9971135568496559,0.5536824073330523
451,0.6261363369232681,0.0,0.9979641093526099,0.5451173803884077
452,0.6329065038602713,0.0,0.9986671043430173,0.5365389814461871
453,0.6430483213948692,0.0,0.9992223335082902,0.527949752471134
454,0.6016381386070784,0.0027777777777777775,0.9996296323220443,0.5193522386371643
455,0.6376449490726281,0.0,0.9998888800928507,0.510748987573177
456,0.27833244340563573,0.0,1.0,0.5021425486081355
457,0.0938823347672923,0.08333333333333333,0.9999629591162655,0.4935354720156473
458,0.6362009154501522,0.0,0.9997777684176605,0.4849303082582625
459,0.6618241167047824,0.0,0.9994444827801858,0.47632960723171724
460,0.6820036470244512,0.0,0.9989632009635685,0.4677359175093441
461,3.358217726688092e-06,0.0,0.9983340655819979,0.4591517855868748
462,0.683565218267361,0.0,0.9975572630618652,0.4505797551278585
463,0.23354053536706998,0.35185185185185186,0.9966330235865223,0.44202236620991997
464,0.08596365736776178,0.17592592592592593,0.9955616210280721,0.43348215457207906
465,0.6391561470496377,0.1111111111111111,0.9943433728662157,0.42496165086335713
466,0.6782222938642003,0.0,0.9929786400941751,0.4164633798928903
467,0.6816140937681553,0.0,0.9914678271117243,0.4079898598817751
468,0.24928050185205705,0.0,0.9898113816053558,0.3995436017168643
469,0.13294512336412817,0.0,0.9880097944156223,0.39112710820673713
470,0.20114716717543665,0.0,0.9860635993916894,0.3827428733400636
471,0.09799279326475852,0.0,0.9839733732331453,0.3743933815465815
472,0.6179893007183227,0.0,0.9817397353191112,0.36608110696090584
473,0.6444654892755316,0.0,0.979363347524707,0.35780851268938996
474,0.6617737434388821,0.008333333333333333,0.9768449140249231,0.34957805008025367
475,0.6511382678984609,0.0,0.9741851810859574,0.34139215799719586
476,0.6443412352196441,0.0,0.9713849368440816,0.33325326209670714
477,0.257528284588803,0.0,0.9684450110720988,0.3251637741092943
478,0.11451522448006393,0.0,0.9653662749334638,0.3171260911248336
479,0.6314893359796089,0.0,0.9621496407241394,0.3091425948822606
480,0.6116321945617021,0.3611111111111111,0.9587960616022622,0.3012156510638099
481,0.6411509283792906,0.0,0.9553065313057024,0.29334760859401254
482,0.6559203699412647,0.0,0.951682083857597,0.2855407989436586
483,0.642900559814895,0.0,0.9479237932599468,0.27779753543893215
484,0.2605204565832821,0.0,0.9440327731753664,0.27012011257592294
485,0.1293048153483983,0.0,0.9400101765970822,0.26251080534071763
486,0.10638162114602538,0.0,0.9358571955072748,0.25497186853527215
487,0.6454695963758114,0.001851851851851852,0.93157506052387,0.2475055361092659
488,0.6569311934769978,0.0,0.9271650405358792,0.24011402049813318
489,0.6595573197392679,0.0,0.9226284423274012,0.23279951196747156
490,0.6669991302216087,0.0,0.9179666101903927,0.22556417796401862
491,0.26526226001336567,0.0,0.9131809255263263,0.2184101624733908
492,0.09590398183875853,0.9722222222222222,0.908272806436852,0.21133958538477454
493,0.6028873956014064,0.05555555555555555,0.9032437073035817,0.2043545418627566
494,0.6660722621290428,0.0,0.8980951183571253,0.19745710172648218
495,0.6781987863401135,0.0,0.8928285652355035,0.19064930883632253
496,0.6510811781971072,0.10185185185185185,0.8874456085320673,0.1839331804882351
497,0.6294811217790494,0.046296296296296294,0.8819478433330623,0.17731070681599576
498,0.2496028907538191,0.0,0.876336898744968,0.1707838502014779
499,0.08321327704960423,0.0,0.8706144374117601,0.16435454469315774
500,0.6331650866252262,0.0,0.8647821550222323,0.15802469543301284
501,0.65726365703194,0.0,0.8588417798075281,0.1517961780919887
502,0.6588621686698435,0.0,0.8527950720290268,0.14567083831419575
503,0.6320535165576925,0.046296296296296294,0.8466438234567422,0.13965049117000577
504,0.6333497886001941,0.0,0.8403898568383805,0.13373692061820713
505,0.24034428448134004,0.037037037037037035,0.8340350253592232,0.12793187897738
506,0.10402751051961702,0.0027777777777777775,0.8275812120929857,0.12223708640664543
507,0.6429912316935156,0.0,0.8210303294438235,0.11665423039594591
508,0.6657062163968338,0.0,0.8143843185796449,0.11118496526600496
509,0.6586170187757953,0.018518518518518517,0.8076451488569021,0.10583091167811753
510,0.11635216957656232,0.018518518518518517,0.8008148172370269,0.1005936561539113
511,0.6313449326173612,0.0,0.7938953476946888,0.09547475060522748
512,0.24525399879775803,0.0,0.7868887906180475,0.0904757118742549
513,0.09984317123216366,0.004629629629629629,0.7797972222011791,0.08559802128405797
514,0.6216329669517793,0.0,0.772622743828854,0.08084312419962769
515,0.6478169905667663,0.0,0.7653674814538516,0.07621242959958918
516,0.64315914257985,0.0,0.758033584966995,0.07170730965869099
517,0.642222199834104,0.0,0.7506232275600919,0.06732909934120013
518,0.6412248091692776,0.0,0.7431386050819704,0.06307909600532297
519,0.27169660517770006,0.0,0.7355819353878024,0.05895855901877084
520,0.10715401122316363,0.0,0.7279554576819045,0.05496870938558113
521,0.6312005292551137,0.0,0.7202614318542137,0.05111072938430827
522,0.650889759786686,0.0,0.7125021378106333,0.04738576221768853
523,0.6566188792284159,0.0,0.7046798747974479,0.04379491167388483
524,0.6531330492281137,0.0,0.6967969607200066,0.040339241799410286
525,0.646883406038747,0.0,0.6888557314558778,0.037019776583828046
526,0.26701860788442355,0.0,0.680858540162678,0.033837499656321435
527,0.11725217192731473,0.0,0.6728077565807811,0.030793353994223283
528,0.6352505398334996,0.0,0.6647057663311124,0.02788824164359127
529,0.6414598844101458,0.0,0.6565549702082383,0.025123023451912363
530,0.6644435265315991,0.0,0.6483577834689586,0.02249851881301501
531,0.6180497486374031,0.000925925925925926,0.6401166351166133,0.020015505424265112
532,0.6486766943047986,0.0,0.6318339671813187,0.017674719056117782
533,0.2110337601628064,0.000925925925925926,0.6235122339963384,0.015476853334092155
534,0.09930249817816687,0.0,0.6151539014708125,0.013422559533235345
535,0.6226874473179593,0.0,0.606761446359056,0.011512446385135933
536,0.12898242644663624,0.0,0.5983373555266428,0.009747079897543365
537,0.6521188674746539,0.0,0.589884125213493,0.008126983186647563
538,0.6478371398731265,0.0,0.5814042602941841,0.006652636322068528
539,0.6379606215389368,0.0,0.5729002735357023,0.005324476184601301
540,0.24734952665921142,0.0,0.564374684852855,0.0041428963367585725
541,0.11005215312129546,0.0,0.5558300205615665,0.003108246906149914
542,0.6300956756230333,0.0,0.5472688126302745,0.002220834481731049
543,0.5966847674602135,0.001851851851851852,0.5386935979296561,0.0014809220229554665
544,0.6645174073215863,0.0,0.5301069174808949,0.0008887287818531986
545,0.6490326653838274,0.0,0.5215113157027236,0.00044443023806217674
546,0.650167742975448,0.0,0.5129093396574573,0.0001481580468296606
547,0.26607494870322423,0.0,0.5043035382962443,0.0
548,0.11687605154192567,0.0,0.49569646170375603,0.0
549,0.6392770428877985,0.0,0.48709066034254295,0.0001481580468296606
550,0.6604909042672872,0.0,0.47848868429727653,0.00044443023806217674
551,0.6104769676637215,0.046296296296296294,0.4698930825191052,0.0008887287818531986
552,0.6424169764622519,0.09259259259259259,0.4613064020703438,0.0014809220229554665
553,0.6436057855374995,0.3611111111111111,0.4527311873697254,0.002220834481731049
554,0.2551137260433143,0.0,0.4441699794384339,0.0031082469061498585
555,0.09152822414088395,0.28703703703703703,0.43562531514714525,0.0041428963367585725
556,0.6366609912787086,0.018518518518518517,0.42709972646429806,0.005324476184601246
557,0.6659614409440622,0.0,0.4185957397058162,0.0066526363220684726
558,0.623520285314178,0.0,0.41011587478650713,0.008126983186647507
559,0.6588991090648371,0.0027777777777777775,0.4016626444733573,0.00974707989754331
560,0.6378598750071361,0.027777777777777776,0.39323855364094407,0.011512446385135933
561,0.24367227824848794,0.09259259259259259,0.38484609852918766,0.01342255953323529
562,0.11876001168659768,0.0,0.3764877660036618,0.0154768533340921
563,0.580723158605265,0.0,0.3681660328186812,0.017674719056117782
564,0.5962851395507376,0.0,0.3598833648833866,0.020015505424265168
565,0.585061975908146,0.0,0.3516422165310418,0.0224985188130149
566,0.5963690949939048,0.0,0.3434450297917618,0.025123023451912307
567,0.5638984877945576,0.0,0.33529423366888766,0.027888241643591216
568,0.24452862376879342,0.0,0.32719224341921904,0.030793353994223227
569,0.12890854565664908,0.1111111111111111,0.3191414598373221,0.03383749965632138
570,0.5320189269151075,0.0,0.31114426854412236,0.03701977658382799
571,0.5618768407230914,0.046296296296296294,0.30320303927999354,0.04033924179941023
572,0.5557346605009789,0.0,0.29532012520255224,0.04379491167388477
573,0.5501096458087763,0.0,0.28749786218936674,0.047385762217688476
574,0.5724149279494386,0.0,0.2797385681457863,0.05111072938430833
575,0.2451230283064172,0.0,0.27204454231809544,0.05496870938558118
576,0.09788197207977782,0.027777777777777776,0.2644180646121975,0.058958559018770895
577,0.5894276589528405,0.009259259259259259,0.2568613949180295,0.06307909600532302
578,0.6061045681835736,0.004629629629629629,0.24937677243990813,0.06732909934120007
579,0.6259986499964738,0.0,0.2419664150330051,0.07170730965869093
580,0.6377692031285156,0.0,0.23463251854614858,0.07621242959958913
581,0.6416781685623806,0.0,0.22737725617114618,0.08084312419962764
582,0.26918801653586405,0.0,0.22020277779882103,0.08559802128405791
583,0.13404997699620858,0.0,0.2131112093819526,0.09047571187425485
584,0.6638558384294287,0.05555555555555555,0.20610465230531116,0.09547475060522753
585,0.6440557867128757,0.0,0.19918518276297315,0.10059365615391136
586,0.6603196351632261,0.0,0.19235485114309786,0.10583091167811759
587,0.6718080980062261,0.2037037037037037,0.185615681420355,0.11118496526600508
588,0.636311736635133,0.05555555555555555,0.17896967055617657,0.1166542303959458
589,0.24471332574376126,0.004629629629629629,0.17241878790701431,0.12223708640664538
590,0.12362606917256873,0.0,0.1659649746407768,0.12793187897737995
591,0.6447375049113934,0.0,0.15961014316161948,0.13373692061820708
592,0.6064739721335093,0.0,0.15335617654325817,0.1396504911700055
593,0.6718215308771328,0.0,0.14720492797097345,0.14567083831419553
594,0.6621364309533644,0.0,0.1411582201924722,0.15179617809198848
595,0.672681234615165,0.09259259259259259,0.13521784497776757,0.1580246954330129
596,0.25109058120674194,0.005555555555555555,0.12938556258823997,0.16435454469315763
597,0.15051531851016028,0.0,0.12366310125503205,0.17078385020147785
598,0.12630928513619252,0.0,0.11805215666693769,0.1773107068159958
599,0.6557726083612905,0.0,0.11255439146793272,0.18393318048823504
600,0.669396897678464,0.009259259259259259,0.10717143476449664,0.19064930883632247
601,0.6616528476007213,0.027777777777777776,0.10190488164287487,0.1974571017264819
602,0.619742290371654,0.14259259259259258,0.09675629269641833,0.20435454186275648
603,0.25862978000315673,0.003703703703703704,0.09172719356314812,0.21133958538477426
604,0.11905217662881955,0.0,0.08681907447367371,0.21841016247339068
605,0.6536099161453033,0.027777777777777776,0.08203338980960767,0.22556417796401818
606,0.6374434560090269,0.001851851851851852,0.07737155767259885,0.23279951196747162
607,0.6510106556248467,0.0,0.07283495946412083,0.24011402049813307
608,0.6575793294982486,0.0,0.06842493947613004,0.247505536109266
609,0.6777924419951843,0.0,0.0641428044927253,0.2549718685352721
610,0.26014769441561975,0.018518518518518517,0.05998982340291786,0.2625108053407175
611,0.09380509575957847,0.07407407407407407,0.055967226824633676,0.2701201125759226
612,0.635384868542567,0.0,0.052076206740053255,0.27779753543893204
613,0.667136817148403,0.0,0.04831791614240322,0.2855407989436583
614,0.6630968812231972,0.0,0.04469346869429763,0.29334760859401243
615,0.6698939139020139,0.0,0.04120393839773795,0.30121565106380954
616,0.6522699872723547,0.046296296296296294,0.03785035927586056,0.3091425948822607
617,0.2279793268116745,0.5462962962962963,0.034633725066536225,0.3171260911248335
618,0.08267596221333413,0.23148148148148145,0.03155498892790126,0.32516377410929437
619,0.6151482485215446,0.0,0.028615063155918496,0.333253262096707
620,0.6732454151932487,0.0,0.02581481891404258,0.3413921579971959
621,0.6637718829862614,0.0,0.023155085975076983,0.34957805008025333
622,0.6629524778609496,0.0,0.02063665247529295,0.35780851268938985
623,0.6620088186797503,0.0,0.018260264680888927,0.3660811069609055
624,0.27090742401192835,0.0,0.016026626766854846,0.3743933815465814
625,0.14486007985841753,0.0,0.01393640060831064,0.3827428733400633
626,0.6578681362227439,0.0,0.0119902055843778,0.3911271082067369
627,0.6649841995855958,0.0,0.010188618394644244,0.3995436017168642
628,0.6668681597302679,0.09259259259259259,0.008532172888275735,0.4079898598817752
629,0.5575413816379371,0.14814814814814814,0.00702135990582492,0.4164633798928902
630,0.6529617801240525,0.0,0.005656627133784398,0.42496165086335713
631,0.26899659812544285,0.0,0.004438378971927948,0.43348215457207884
632,0.12754510925961374,0.0,0.003366976413477718,0.44202236620991986
633,0.6299176900835188,0.0,0.002442736938134793,0.45057975512785814
634,0.6460807920020686,0.18518518518518517,0.001665934418002224,0.45915178558687453
635,0.6573677617814673,0.0,0.0010367990364315571,0.4677359175093441
636,0.6596547080533419,0.0,0.0005555172198142833,0.476329607231717
637,0.665565171252313,0.0,0.0002222315823394716,0.4849303082582624
638,0.2649835279420506,0.45370370370370366,3.704088373446268e-05,0.49353547201564724
639,0.13653505811395775,0.05555555555555555,0.0,0.5021425486081352
640,0.6409124949206957,0.001851851851851852,0.00011111990714929298,0.510748987573177
641,0.677590948931583,0.0,0.00037036767795572967,0.5193522386371641
642,0.6997786934518112,0.0,0.0007776664917097942,0.5279497524711337
643,0.678484234846882,0.0,0.0013328956569827466,0.5365389814461871
644,0.6830883513501714,0.0,0.0020358906473899596,0.5451173803884074
645,0.30718625011333983,0.0,0.0028864431503441423,0.5536824073330523
646,0.12173203437471665,0.003703703703703704,0.0038843011287820195,0.5622315242777884
647,0.6372117389858853,0.0,0.005029168895849256,0.5707621979347611
648,0.6805663298374286,0.0,0.006320707202518039,0.5792719004812583
649,0.6848211916971425,0.1388888888888889,0.007758533338114382,0.5877581103087607
650,0.6637685247685348,0.018518518518518517,0.009342221243723692,0.5962183127701496
651,0.6810096145773514,0.0,0.011071301638440556,0.6046500009248494
652,0.27821490578520164,0.0,0.01294526215842745,0.6130506762816885
653,0.11769545666723756,0.0,0.014963547508739017,0.6214178495392584
654,0.12870705259304782,0.0,0.017125559627867604,0.6297490413235433
655,0.6562024602303065,0.0,0.01943065786496251,0.6380417829226167
656,0.6644133025720589,0.09259259259259259,0.021878159169667732,0.6462936170181699
657,0.6842838768608723,0.0,0.024467338294525576,0.654502098413672
658,0.6791323708681328,0.000925925925925926,0.027197428009881952,0.6626647947589314
659,0.2657021865355618,0.021296296296296292,0.03006761933123453,0.6707792872708565
660,0.12244061831504784,0.0,0.03307706175895042,0.6788431714501894
661,0.6465375096128982,0.0,0.036224863530289586,0.6868540577940161
662,0.6701524966669689,0.0,0.03951009188365173,0.694809572503823
663,0.6726745181797116,0.0,0.04293177333497511,0.7027073581889085
664,0.672563696994731,0.08333333333333333,0.04648889396619932,0.7105450745649249
665,0.6405363745353065,0.007407407407407408,0.05018039972571292,0.7183203991473592
666,0.2710417527209959,0.0,0.0540051967406896,0.7260310279397315
667,0.12371674105118931,0.25925925925925924,0.05796215164122842,0.7336746761163223
668,0.6518502100565188,0.0,0.062050091896193815,0.7412490786992127
669,0.6777387105115573,0.0,0.06626780616066363,0.7487519912294495
670,0.6958059218811392,0.0,0.07061404463487553,0.7561811904321231
671,0.6462386282352229,0.12962962962962962,0.07508751943456998,0.7635344748751746
672,0.6876723185471006,0.0,0.07968690497261816,0.7708096656217263
673,0.24276220124455547,0.0,0.08441083835182267,0.7780046068757491
674,0.12234658821870056,0.0,0.08925791976877195,0.7851171666208696
675,0.6137848121245092,0.0,0.09422671292863416,0.7921452372521339
676,0.6848614903098628,0.0,0.09931574547076011,0.7990867362005354
677,0.6906174754934061,0.0,0.10452350940497779,0.8059396065501265
678,0.6959637581142936,0.0,0.10984846155844019,0.8127018176475248
679,0.6839917119186505,0.0,0.11528902403290292,0.8193713657036424
680,0.27110555885780296,0.0,0.12084358467228756,0.8259462743874493
681,0.13032235531958478,0.0,0.12651049754039945,0.8324245954116043
682,0.6497143835823451,0.0,0.13228808340865345,0.838804409109774
683,0.6708577223895734,0.0,0.13817463025366689,0.8450838250054729
684,0.6716737692971586,0.018518518518518517,0.1441683937645668,0.851260982372249
685,0.6809021516100975,0.0,0.15026759785986976,0.8573340507850616
686,0.671119663372255,0.0,0.15647043521376985,0.8633012306626717
687,0.2991533933111019,0.0,0.16277506779169165,0.8691607538009001
688,0.14030969483875516,0.0,0.16917962739493653,0.8749108838965811
689,0.09892637779277781,0.17592592592592593,0.175682216214273,0.8805499170620701
690,0.6607058302017953,0.0,0.18228090739229624,0.8860761823301397
691,0.6666834577553,0.0,0.1889737455943984,0.891488042149124
692,0.6799517759934447,0.0,0.19575874758817763,0.8967838928681617
693,0.6605983672345412,0.0,0.2026339028311101,0.9019621652123905
694,0.2751085543880152,0.0,0.2095971740663201,0.9070213247479589
695,0.12840817121537257,0.0,0.21664649792626012,0.9119598723367105
696,0.6384442048915799,0.0,0.22377978554413436,0.9167763445804127
697,0.6662401730153772,0.0,0.2309949231728728,0.9214693142543915
698,0.6525520775613965,0.0,0.23828977281147934,0.9260373907304493
699,0.6600946345755381,0.0,0.24566217283857156,0.93047922038894
700,0.663896137042149,0.0,0.2531099386529112,0.9347934870198724
701,0.2640902420267515,0.0027777777777777775,0.26063086332075225,0.9389789122129352
702,0.10698610033682923,0.14814814814814814,0.26822271822980004,0.9430342557363139
703,0.6335680727524288,0.0,0.2758832537496002,0.9469583159042017
704,0.6937238268905925,0.0,0.28361019989814945,0.9507499299328823
705,0.7058167689243964,0.000925925925925926,0.29140126701454366,0.9544079742852896
706,0.7227791266618979,0.0,0.2992541464374504,0.9579313650039346
707,0.1561470496378162,0.0,0.3071665111892185,0.9613190580321067
708,0.22025878425801856,0.0,0.3151360166654088,0.964570049523249
709,0.10331556836155914,0.0,0.3231603013295522,0.9676833761384205
710,0.6691853299616827,0.0,0.3312369874129254,0.9706581153317543
711,0.6947413668617791,0.0,0.3393636816191318,0.9734933856238269
712,0.7063977405911135,0.027777777777777776,0.3475379758332905,0.9761883468628609
713,0.6417520493523676,0.0,0.3557574478356095,0.9787422004736792
714,0.5565775731503776,0.0,0.3640196620191447,0.9811541896943402
715,0.24772900526232716,0.4444444444444444,0.3723221701115185,0.9834235998003824
716,0.1546257770076265,0.0,0.3806625119004028,0.9855497583166142
717,0.3927569960070791,0.001851851851851852,0.38903821596252364,0.9875320352163803
718,0.2932597212007643,0.1111111111111111,0.3974468003960075,0.9893698431082549
719,0.7167847080197597,0.0,0.4058857735558129,0.991062637410096
720,0.7045977358896086,0.005555555555555555,0.41435263479206463,0.9926099165104187
721,0.6613774737471328,0.10185185185185185,0.42284487519104946,0.9940112219170325
722,0.2530786461009413,0.0,0.43135997831865874,0.9952661383929027
723,0.09064837109649167,0.0,0.4398954209660656,0.9963742940791944
724,0.055981489503890494,0.0,0.44844867389740284,0.9973353606054616
725,0.5569402606648599,0.0,0.45701720259923345,0.998149053186951
726,0.5875201912840817,0.0,0.46559846803157817,0.9988151307089901
727,0.6351061364712519,0.0,0.4741899273802915,0.9993333957984336
728,0.5236871887351944,0.0,0.482789034810549,0.9997036948821507
729,0.1827709997749994,0.037037037037037035,0.49139324222123476,0.9999259182325311
730,0.07671512574846277,0.0,0.5000000000000003,1.0
731,0.06118672698025703,0.0,0.508606757778765,0.9999259182325311
732,0.5848369753204579,0.0,0.517210965189451,0.9997036948821507
733,0.6327889662398372,0.0,0.5258100726197082,0.9993333957984336
734,0.6282117154783613,0.0,0.5344015319684214,0.9988151307089901
735,0.6088381574130977,0.14814814814814814,0.5429827974007665,0.9981490531869511
736,0.24913609848980947,0.0,0.5515513261025968,0.9973353606054616
737,0.11359507282295139,0.0,0.5601045790339344,0.9963742940791944
738,0.6287087317019111,0.0,0.5686400216813411,0.9952661383929028
739,0.6409326442270558,0.0,0.5771551248089506,0.9940112219170325
740,0.6366811405850686,0.0,0.5856473652079353,0.9926099165104187
741,0.6238796146109337,0.0,0.5941142264441872,0.991062637410096
742,0.5925541596563871,0.0,0.6025531996039925,0.9893698431082549
743,0.22336177743747837,0.1388888888888889,0.6109617840374757,0.9875320352163806
744,0.1021166846331315,0.009259259259259259,0.6193374880995972,0.9855497583166142
745,0.6190404228667761,0.0,0.6276778298884809,0.9834235998003825
746,0.619440050776252,0.0,0.6359803379808554,0.9811541896943401
747,0.6153967566333195,0.0,0.6442425521643902,0.9787422004736793
748,0.6254344694183902,0.009259259259259259,0.6524620241667093,0.976188346862861
749,0.613637050544535,0.0,0.6606363183808679,0.973493385623827
750,0.23699278319010533,0.0,0.6687630125870745,0.9706581153317544
751,0.1315279554834658,0.0,0.6768396986704476,0.9676833761384206
752,0.5833190609079949,0.007407407407407408,0.6848639833345912,0.964570049523249
753,0.5975176054564322,0.05555555555555555,0.6928334888107813,0.9613190580321067
754,0.6254176783297568,0.0,0.7007458535625493,0.9579313650039347
755,0.6215590861617922,0.0,0.7085987329854563,0.9544079742852897
756,0.6037873979521587,0.0,0.7163898001018503,0.9507499299328824
757,0.23433979118602175,0.0,0.7241167462503998,0.9469583159042017
758,0.11315850451848194,0.0,0.7317772817701997,0.943034255736314
759,0.5949754346373293,0.0,0.7393691366792479,0.9389789122129351
760,0.6295147039563163,0.0,0.7468900613470887,0.9347934870198725
761,0.6280941778579272,0.0,0.7543378271614285,0.9304792203889398
762,0.6516352841220108,0.0,0.7617102271885207,0.9260373907304493
763,0.6491166208269946,0.0,0.7690050768271275,0.9214693142543913
764,0.2529543920450538,0.0,0.7762202144558653,0.9167763445804128
765,0.12920071059887095,0.0,0.7833535020737394,0.9119598723367108
766,0.6503658778213226,0.0,0.7904028259336797,0.907021324747959
767,0.6903958331234447,0.0,0.7973660971688896,0.9019621652123908
768,0.6669017419075348,0.0,0.8042412524118222,0.8967838928681618
769,0.6721405615611682,0.018518518518518517,0.8110262544056013,0.8914880421491242
770,0.6152557114887987,0.1388888888888889,0.8177190926077037,0.8860761823301397
771,0.24545549186135932,0.08333333333333333,0.8243177837857267,0.8805499170620703
772,0.12279658939407677,0.0,0.8308203726050631,0.8749108838965813
773,0.13497012865332111,0.0,0.8372249322083083,0.8691607538009001
774,0.13334810949133075,0.0,0.8435295647862299,0.863301230662672
775,0.6888342618805348,0.0,0.8497324021401302,0.8573340507850616
776,0.6980559277580202,0.0,0.855831606235433,0.8512609823722492
777,0.6915107614087052,0.0,0.8618253697463332,0.8450838250054727
778,0.24145249633114713,0.0,0.8677119165913464,0.8388044091097742
779,0.10947789789003179,0.2037037037037037,0.8734895024596006,0.8324245954116043
780,0.6547214862128371,0.004629629629629629,0.8791564153277124,0.8259462743874493
781,0.7003327993767148,0.0,0.8847109759670969,0.8193713657036426
782,0.6713513803953965,0.005555555555555555,0.8901515384415595,0.8127018176475251
783,0.7445538104017435,0.0,0.8954764905950221,0.8059396065501265
784,0.715145897769136,0.0,0.9006842545292397,0.7990867362005356
785,0.2634857628359477,0.0,0.9057732870713657,0.792145237252134
786,0.12344472541532757,0.0,0.9107420802312278,0.7851171666208697
787,0.7146891801583063,0.0,0.9155891616481773,0.7780046068757491
788,0.7284242906604607,0.0,0.9203130950273818,0.7708096656217263
789,0.7427739550065988,0.001851851851851852,0.9249124805654301,0.7635344748751745
790,0.7425455962011841,0.0,0.9293859553651244,0.7561811904321232
791,0.7485165073192355,0.0,0.9337321938393361,0.7487519912294497
792,0.2922018826168576,0.0,0.937949908103806,0.7412490786992132
793,0.13537311478052366,0.0,0.9420378483587715,0.7336746761163224
794,0.7688740231784187,0.0,0.9459948032593103,0.7260310279397317
795,0.7899266901070263,0.0,0.949819600274287,0.7183203991473592
796,0.798553951446888,0.0,0.9535111060338006,0.7105450745649251
797,0.8634817329746757,0.0,0.9570682266650249,0.7027073581889085
798,0.8031110529020038,0.0,0.9604899081163483,0.6948095725038231
799,0.32508890881431407,0.0,0.9637751364697105,0.686854057794016
800,0.14235149121658153,0.0,0.9669229382410496,0.6788431714501894
801,0.7977177552329427,0.0,0.9699323806687655,0.6707792872708562
802,0.7581780997189171,0.0,0.9728025719901179,0.6626647947589317
803,0.7860513068504283,0.17592592592592593,0.9755326617054744,0.6545020984136722
804,0.8189484077010648,0.0,0.9781218408303322,0.6462936170181701
805,0.8131151835098076,0.000925925925925926,0.9805693421350374,0.6380417829226167
806,0.3136105206244941,0.2685185185185185,0.9828744403721323,0.6297490413235435
807,0.1216615118024562,0.027777777777777776,0.985036452491261,0.6214178495392583
808,0.737635881884766,0.0,0.9870547378415725,0.6130506762816887
809,0.8334659829335375,0.0,0.9889286983615595,0.6046500009248492
810,0.7951688679783865,0.0,0.9906577787562763,0.5962183127701497
811,0.8367368869993317,0.0,0.9922414666618855,0.5877581103087609
812,0.82183311672829,0.1111111111111111,0.993679292797482,0.5792719004812583
813,0.3335616921387481,0.06481481481481481,0.9949708311041507,0.5707621979347611
814,0.13158840340254618,0.0,0.9961156988712179,0.5622315242777887
815,0.8409816742058654,0.0,0.9971135568496559,0.5536824073330523
816,0.8374622620282963,0.0,0.9979641093526099,0.5451173803884077
817,0.8689489114337239,0.0,0.9986671043430173,0.5365389814461871
818,0.3423132075344973,0.0,0.9992223335082902,0.527949752471134
819,0.16011310477303484,0.0,0.9996296323220443,0.5193522386371643
820,0.251574164559385,0.0,0.9998888800928507,0.510748987573177
821,0.12509696853685812,0.0,1.0,0.5021425486081355
822,0.1387548400312986,0.0,0.9999629591162655,0.4935354720156473
823,0.8250167071331902,0.0,0.9997777684176605,0.4849303082582625
824,0.847909677376023,0.0,0.9994444827801858,0.47632960723171724
825,0.8693048825127527,0.0,0.9989632009635685,0.4677359175093441
826,0.6951645022953418,0.4907407407407407,0.9983340655819979,0.4591517855868748
827,0.32119337625135586,0.037037037037037035,0.9975572630618652,0.4505797551278585
828,0.12459995231330827,0.05555555555555555,0.9966330235865223,0.44202236620991997
829,0.8761858706347366,0.0,0.9955616210280721,0.43348215457207906
830,0.9056407983155179,0.0,0.9943433728662157,0.42496165086335713
831,0.8644488996799617,0.17592592592592593,0.9929786400941751,0.4164633798928903
832,0.8827310369840518,0.0,0.9914678271117243,0.4079898598817751
833,0.8568391783112865,0.0,0.9898113816053558,0.3995436017168643
834,0.3592251920060985,0.0,0.9880097944156223,0.39112710820673713
835,0.1585448170946715,0.0,0.9860635993916894,0.3827428733400636
836,0.7983423837301067,0.0,0.9839733732331453,0.3743933815465815
837,0.7867162339603125,0.0,0.9817397353191112,0.36608110696090584
838,0.8689388367805437,0.0,0.979363347524707,0.35780851268938996
839,0.9134923113605147,0.046296296296296294,0.9768449140249231,0.34957805008025367
840,0.846445494447187,0.19444444444444442,0.9741851810859574,0.34139215799719586
841,0.3434113447311243,0.0,0.9713849368440816,0.33325326209670714
842,0.15536794312522456,0.16666666666666666,0.9684450110720988,0.3251637741092943
843,0.8528596903051612,0.0,0.9653662749334638,0.3171260911248336
844,0.8861295533234601,0.004629629629629629,0.9621496407241394,0.3091425948822606
845,0.884494101290563,0.0,0.9587960616022622,0.3012156510638099
846,0.8867071667724504,0.0,0.9553065313057024,0.29334760859401254
847,0.8812064061361353,0.06481481481481481,0.951682083857597,0.2855407989436586
848,0.2926619584454138,1.0,0.9479237932599468,0.27779753543893215
849,0.10132414524963311,0.2037037037037037,0.9440327731753664,0.27012011257592294
850,0.26741487757617277,0.0,0.9400101765970822,0.26251080534071763
851,0.11956262572327614,0.018518518518518517,0.9358571955072748,0.25497186853527215
852,0.8164532519301356,0.1111111111111111,0.93157506052387,0.2475055361092659
853,0.8659231572619779,0.000925925925925926,0.9271650405358792,0.24011402049813318
854,0.8663798748728074,0.037037037037037035,0.9226284423274012,0.23279951196747156
855,0.3367788647209153,0.046296296296296294,0.9179666101903927,0.22556417796401862
856,0.14837277560053327,0.0,0.9131809255263263,0.2184101624733908
857,0.7282395886854928,0.05555555555555555,0.908272806436852,0.21133958538477454
858,0.8132663033075086,0.45370370370370366,0.9032437073035817,0.2043545418627566
859,0.9107923043082574,0.0,0.8980951183571253,0.19745710172648218
860,0.819646916988216,0.6203703703703703,0.8928285652355035,0.19064930883632253
861,0.8834832777548299,0.0,0.8874456085320673,0.1839331804882351
862,0.36922596439617567,0.0,0.8819478433330623,0.17731070681599576
863,0.15495152412711524,0.0,0.876336898744968,0.1707838502014779
864,0.8384361451690359,0.0,0.8706144374117601,0.16435454469315774
865,0.8762429603360904,0.0,0.8647821550222323,0.15802469543301284
866,0.49444047055346785,0.0,0.8588417798075281,0.1517961780919887
867,0.844625340439322,0.046296296296296294,0.8527950720290268,0.14567083831419575
868,0.8410219728185857,0.08333333333333333,0.8466438234567422,0.13965049117000577
869,0.3572875003777995,0.0,0.8403898568383805,0.13373692061820713
870,0.15873959372281943,0.0,0.8340350253592232,0.12793187897738
871,0.835171957538695,0.0,0.8275812120929857,0.12223708640664543
872,0.3380146888443365,0.0,0.8210303294438235,0.11665423039594591
873,0.7672889444114219,0.0,0.8143843185796449,0.11118496526600496
874,0.8674948031580679,0.0,0.8076451488569021,0.10583091167811753
875,0.23066925921075165,0.0,0.8008148172370269,0.1005936561539113
876,0.3219791991994009,0.0,0.7938953476946888,0.09547475060522748
877,0.1449507517370381,0.0,0.7868887906180475,0.0904757118742549
878,0.8036987410041743,0.004629629629629629,0.7797972222011791,0.08559802128405797
879,0.8343055373652095,0.4074074074074074,0.772622743828854,0.08084312419962769
880,0.8148648149454121,0.037037037037037035,0.7653674814538516,0.07621242959958918
881,0.8590556020109007,0.08333333333333333,0.758033584966995,0.07170730965869099
882,0.849179083676711,0.0,0.7506232275600919,0.06732909934120013
883,0.3650349086732689,0.0,0.7431386050819704,0.06307909600532297
884,0.16327318765384835,0.001851851851851852,0.7355819353878024,0.05895855901877084
885,0.8845142505969231,0.009259259259259259,0.7279554576819045,0.05496870938558113
886,0.8028088133066019,0.0,0.7202614318542137,0.05111072938430827
887,0.8752825100662576,0.0,0.7125021378106333,0.04738576221768853
888,0.8896859058960228,0.0,0.7046798747974479,0.04379491167388483
889,0.8810855102979747,0.0,0.6967969607200066,0.040339241799410286
890,0.3850465281066032,0.0,0.6888557314558778,0.037019776583828046
891,0.14698918989713777,0.0,0.680858540162678,0.033837499656321435
892,0.8589750047854602,0.0,0.6728077565807811,0.030793353994223283
893,0.8441854139171259,0.04814814814814815,0.6647057663311124,0.02788824164359127
894,0.9999999999999999,0.0,0.6565549702082383,0.025123023451912363
895,0.7789453181407563,0.0,0.6483577834689586,0.02249851881301501
896,0.8885911269171225,0.0,0.6401166351166133,0.020015505424265112
897,0.30351235992034303,0.0,0.6318339671813187,0.017674719056117782
898,0.14209290845162653,0.0,0.6235122339963384,0.015476853334092155
899,0.8532123031664635,0.0,0.6151539014708125,0.013422559533235345
900,0.9134049976996208,0.0,0.606761446359056,0.011512446385135933
901,0.1875329525114431,0.001851851851851852,0.5983373555266428,0.009747079897543365
902,0.8306954533090198,0.0,0.589884125213493,0.008126983186647563
903,0.8873317952696145,0.0,0.5814042602941841,0.006652636322068528
904,0.358724817564822,0.0,0.5729002735357023,0.005324476184601301
905,0.11846784674437581,0.0,0.564374684852855,0.0041428963367585725
906,1.0074653180064275e-05,0.0,0.5558300205615665,0.003108246906149914
907,0.8279517894263156,0.0,0.5472688126302745,0.002220834481731049
908,0.8337749389643928,0.0,0.5386935979296561,0.0014809220229554665
909,0.8614668023386628,0.0,0.5301069174808949,0.0008887287818531986
910,0.8915161345570678,0.0,0.5215113157027236,0.00044443023806217674
911,0.2820399157758994,0.0,0.5129093396574573,0.0001481580468296606
912,0.1313096713312311,0.0027777777777777775,0.5043035382962443,0.0
913,0.8574537321552705,0.0,0.49569646170375603,0.0
914,0.8832112621189682,0.0,0.48709066034254295,0.0001481580468296606
915,0.8898269510405437,0.0,0.47848868429727653,0.00044443023806217674
916,0.8960127880931031,0.0,0.4698930825191052,0.0008887287818531986
917,0.8800881196331483,0.10185185185185185,0.4613064020703438,0.0014809220229554665
918,0.31344260973815974,0.06481481481481481,0.4527311873697254,0.002220834481731049
919,0.15611346746054933,0.0,0.4441699794384339,0.0031082469061498585
920,0.1740262008147036,0.0,0.43562531514714525,0.0041428963367585725
921,0.823824539840216,0.0,0.42709972646429806,0.005324476184601246
922,0.8250066324800102,0.0,0.4185957397058162,0.0066526363220684726
923,0.8495081890139264,0.0,0.41011587478650713,0.008126983186647507
924,0.8320588897060551,0.0,0.4016626444733573,0.00974707989754331
925,0.36276475349002774,0.0,0.39323855364094407,0.011512446385135933
926,0.1560060044932953,0.0,0.38484609852918766,0.01342255953323529
927,0.7395769317307918,0.0,0.3764877660036618,0.0154768533340921
928,0.7290690684639848,0.004629629629629629,0.3681660328186812,0.017674719056117782
929,0.7134365649462516,0.14814814814814814,0.3598833648833866,0.020015505424265168
930,0.5866571293283228,0.2222222222222222,0.3516422165310418,0.0224985188130149
931,0.7215567354093835,0.003703703703703704,0.3434450297917618,0.025123023451912307
932,0.32178442257125295,0.0,0.33529423366888766,0.027888241643591216
933,0.16400527911826634,0.0,0.32719224341921904,0.030793353994223227
934,0.685536492072927,0.0,0.3191414598373221,0.03383749965632138
935,0.7095645399073803,0.0,0.31114426854412236,0.03701977658382799
936,0.6759622133341393,0.4074074074074074,0.30320303927999354,0.04033924179941023
937,0.6737088492395316,0.018518518518518517,0.29532012520255224,0.04379491167388477
938,0.6882734395201778,0.018518518518518517,0.28749786218936674,0.047385762217688476
939,0.2938843496979283,0.16666666666666666,0.2797385681457863,0.05111072938430833
940,0.13828804776728892,0.000925925925925926,0.27204454231809544,0.05496870938558118
941,0.7446982137639911,0.0,0.2644180646121975,0.058958559018770895
942,0.7433280609315024,0.0,0.2568613949180295,0.06307909600532302
943,0.7872031755306823,0.0,0.24937677243990813,0.06732909934120007
944,0.8179275095121517,0.0,0.2419664150330051,0.07170730965869093
945,0.78319010534729,0.004629629629629629,0.23463251854614858,0.07621242959958913
946,0.3700252202151274,0.0,0.22737725617114618,0.08084312419962764
947,0.15641234883822458,0.0,0.22020277779882103,0.08559802128405791
948,0.7971300671307723,0.0,0.2131112093819526,0.09047571187425485
949,0.8499346826652159,0.1111111111111111,0.20610465230531116,0.09547475060522753
950,0.911517679337222,0.09259259259259259,0.19918518276297315,0.10059365615391136
951,0.8310547826057754,0.0,0.19235485114309786,0.10583091167811759
952,0.8279786551681291,0.0,0.185615681420355,0.11118496526600508
953,0.3362146841428317,0.0,0.17896967055617657,0.1166542303959458
954,0.15780265097707344,0.0,0.17241878790701431,0.12223708640664538
955,0.8040412792122964,0.05555555555555555,0.1659649746407768,0.12793187897737995
956,0.8382145027990744,0.0,0.15961014316161948,0.13373692061820708
957,0.7403896204206503,0.0,0.15335617654325817,0.1396504911700055
958,0.8216181907937818,0.0,0.14720492797097345,0.14567083831419553
959,0.7257377164791101,0.0,0.1411582201924722,0.15179617809198848
960,0.31511164394832375,0.10185185185185185,0.13521784497776757,0.1580246954330129
961,0.15015934743113135,0.000925925925925926,0.12938556258823997,0.16435454469315763
962,0.15146569412681302,0.0,0.12366310125503205,0.17078385020147785
963,0.8274446985495857,0.0,0.11805215666693769,0.1773107068159958
964,0.827011488462843,0.0,0.11255439146793272,0.18393318048823504
965,0.8109558495115472,0.0,0.10717143476449664,0.19064930883632247
966,0.8094547261877176,0.00648148148148148,0.10190488164287487,0.1974571017264819
967,0.3359997582083237,0.0,0.09675629269641833,0.20435454186275648
968,0.16036832932026315,0.0,0.09172719356314812,0.21133958538477426
969,0.8028054550888751,0.0,0.08681907447367371,0.21841016247339068
970,0.8172726570554475,0.0,0.08203338980960767,0.22556417796401818
971,0.8106267441743318,0.0,0.07737155767259885,0.23279951196747162
972,0.8318741877310873,0.12962962962962962,0.07283495946412083,0.24011402049813307
973,0.4548840239508088,0.0,0.06842493947613004,0.247505536109266
974,0.31741202309110506,0.0,0.0641428044927253,0.2549718685352721
975,0.14704963781621816,0.0,0.05998982340291786,0.2625108053407175
976,0.7730986610785924,0.0,0.055967226824633676,0.2701201125759226
977,0.8301614966904763,0.0,0.052076206740053255,0.27779753543893204
978,0.6297094805844642,0.0,0.04831791614240322,0.2855407989436583
979,0.8094245022281774,0.0,0.04469346869429763,0.29334760859401243
980,0.8257185746380681,0.0,0.04120393839773795,0.30121565106380954
981,0.3451038864653751,0.0,0.03785035927586056,0.3091425948822607
982,0.1405582029505301,0.037037037037037035,0.034633725066536225,0.3171260911248335
983,0.7803188291909717,0.0,0.03155498892790126,0.32516377410929437
984,0.7723329874369075,0.0,0.028615063155918496,0.333253262096707
985,0.8160737733270198,0.0,0.02581481891404258,0.3413921579971959
986,0.828529402875306,0.0,0.023155085975076983,0.34957805008025333
987,0.7997897755703093,0.0,0.02063665247529295,0.35780851268938985
988,0.30960080865882855,0.10185185185185185,0.018260264680888927,0.3660811069609055
989,0.13115183509807674,0.00648148148148148,0.016026626766854846,0.3743933815465814
990,0.7905244528623768,0.0,0.01393640060831064,0.3827428733400633
991,0.8167487750900841,0.25925925925925924,0.0119902055843778,0.3911271082067369
992,0.8006595539615214,0.0,0.010188618394644244,0.3995436017168642
993,0.8312562756693767,0.0,0.008532172888275735,0.4079898598817752
994,0.7596489990832065,0.0,0.00702135990582492,0.4164633798928902
995,0.29592950429348136,0.0,0.005656627133784398,0.42496165086335713
996,0.14161939975216353,0.0,0.004438378971927948,0.43348215457207884
997,0.6743637016962357,0.0,0.003366976413477718,0.44202236620991986
998,0.0,0.0,0.002442736938134793,0.45057975512785814
999,0.8266823831256275,0.0,0.001665934418002224,0.45915178558687453
1000,0.8134073484520294,0.09259259259259259,0.0010367990364315571,0.4677359175093441
1001,0.8219842365259908,0.07407407407407407,0.0005555172198142833,0.476329607231717
1002,0.23002112318950085,0.4444444444444444,0.0002222315823394716,0.4849303082582624
1003,0.12742085520372626,0.018518518518518517,3.704088373446268e-05,0.49353547201564724
1004,0.8023957525262192,0.0,0.0,0.5021425486081352
1005,0.796884917236724,0.0,0.00011111990714929298,0.510748987573177
1006,0.821111099917052,0.0,0.00037036767795572967,0.5193522386371641
1007,0.8507238638309875,0.0,0.0007776664917097942,0.5279497524711337
1008,0.837670471527351,0.0,0.0013328956569827466,0.5365389814461871
1009,0.4245458850079086,0.0,0.0020358906473899596,0.5451173803884074
1010,0.1547365981926072,0.0,0.0028864431503441423,0.5536824073330523
1011,0.795356928171081,0.06481481481481481,0.0038843011287820195,0.5622315242777884
1012,0.8312898578466436,0.0,0.005029168895849256,0.5707621979347611
1013,0.8236062556879812,0.0,0.006320707202518039,0.5792719004812583
1014,0.8029330673624894,0.037037037037037035,0.007758533338114382,0.5877581103087607
1015,0.8006125389133478,0.0,0.009342221243723692,0.5962183127701496
1016,0.3232351726291822,0.0,0.011071301638440556,0.6046500009248494
1017,0.15598921340466188,0.0,0.01294526215842745,0.6130506762816885
1018,0.15224144242167795,0.0,0.014963547508739017,0.6214178495392584
1019,0.8150797408799202,0.0,0.017125559627867604,0.6297490413235433
1020,0.81191629978138,0.018518518518518517,0.01943065786496251,0.6380417829226167
1021,0.8240831226051709,0.0,0.021878159169667732,0.6462936170181699
1022,0.8234349865839201,0.027777777777777776,0.024467338294525576,0.654502098413672
1023,0.328588171685523,0.018518518518518517,0.027197428009881952,0.6626647947589314
1024,0.12694063006880987,0.009259259259259259,0.03006761933123453,0.6707792872708565
1025,0.7698512645368849,0.0,0.03307706175895042,0.6788431714501894
1026,0.8282372379330841,0.009259259259259259,0.036224863530289586,0.6868540577940161
1027,0.7731691836508527,0.037037037037037035,0.03951009188365173,0.694809572503823
1028,0.8445615343025149,0.0,0.04293177333497511,0.7027073581889085
1029,0.8316693364497594,0.0,0.04648889396619932,0.7105450745649249
1030,0.3302840716375005,0.0,0.05018039972571292,0.7183203991473592
1031,0.17222619611319878,0.0,0.0540051967406896,0.7260310279397315
1032,0.7807486810599878,0.018518518518518517,0.05796215164122842,0.7336746761163223
1033,0.7776960611464283,0.05555555555555555,0.062050091896193815,0.7412490786992127
1034,0.1977184268764881,0.0,0.06626780616066363,0.7487519912294495
1035,0.8264405914493059,0.0,0.07061404463487553,0.7561811904321231
1036,0.8031278439906372,0.004629629629629629,0.07508751943456998,0.7635344748751746
1037,0.3387904371392015,0.0,0.07968690497261816,0.7708096656217263
1038,0.16355191972516345,0.0,0.08441083835182267,0.7780046068757491
1039,0.794722225020737,0.0,0.08925791976877195,0.7851171666208696
1040,0.7732195569167531,0.0,0.09422671292863416,0.7921452372521339
1041,0.8430973513736789,0.0,0.09931574547076011,0.7990867362005354
1042,0.8314107536848043,0.0,0.10452350940497779,0.8059396065501265
1043,0.8277670874513477,0.38888888888888884,0.10984846155844019,0.8127018176475248
1044,0.1817030865379126,0.7592592592592592,0.11528902403290292,0.8193713657036424
1045,0.12208464723601889,0.0,0.12084358467228756,0.8259462743874493
1046,0.7695255174173962,0.31481481481481477,0.12651049754039945,0.8324245954116043
1047,0.7864408601067241,0.0,0.13228808340865345,0.838804409109774
1048,0.7887244481608721,0.0,0.13817463025366689,0.8450838250054729
1049,0.8341107607370616,0.09259259259259259,0.1441683937645668,0.851260982372249
1050,0.798705071244589,0.0,0.15026759785986976,0.8573340507850616
1051,0.3656830446945197,0.046296296296296294,0.15647043521376985,0.8633012306626717
1052,0.16234631956128243,0.0,0.16277506779169165,0.8691607538009001
1053,0.17023813121899944,0.0,0.16917962739493653,0.8749108838965811
1054,0.8239252863720166,0.0,0.175682216214273,0.8805499170620701
1055,0.8479063191582963,0.0,0.18228090739229624,0.8860761823301397
1056,0.7730214220708785,0.027777777777777776,0.1889737455943984,0.891488042149124
1057,0.796713648132663,0.0,0.19575874758817763,0.8967838928681617
1058,0.2971485373282691,0.0,0.2026339028311101,0.9019621652123905
1059,0.13226004694788382,0.0,0.2095971740663201,0.9070213247479589
1060,0.8147136951477112,0.0,0.21664649792626012,0.9119598723367105
1061,0.7256806267777565,0.0,0.22377978554413436,0.9167763445804127
1062,0.8561574601127689,0.0,0.2309949231728728,0.9214693142543915
1063,0.5724082115139852,0.0,0.23828977281147934,0.9260373907304493
1064,0.0,0.12037037037037036,0.24566217283857156,0.93047922038894
1065,0.0,0.0,0.2531099386529112,0.9347934870198724
1066,0.11292678749534046,0.0,0.26063086332075225,0.9389789122129352
1067,0.814790934155425,0.0,0.26822271822980004,0.9430342557363139
1068,0.8168629544927916,0.0,0.2758832537496002,0.9469583159042017
1069,0.8570440295926146,0.0,0.28361019989814945,0.9507499299328823
1070,0.8559861910087078,0.0,0.29140126701454366,0.9544079742852896
1071,0.8266958159965343,0.0,0.2992541464374504,0.9579313650039346
1072,0.30731722060468064,0.0,0.3071665111892185,0.9613190580321067
1073,0.14703620494531142,0.05555555555555555,0.3151360166654088,0.964570049523249
1074,0.8147707848490648,0.027777777777777776,0.3231603013295522,0.9676833761384205
1075,0.7641624437078753,0.1111111111111111,0.3312369874129254,0.9706581153317543
1076,0.8461936281176853,0.007407407407407408,0.3393636816191318,0.9734933856238269
1077,0.7339821409981294,0.9351851851851851,0.3475379758332905,0.9761883468628609
1078,0.8194554985777948,0.0,0.3557574478356095,0.9787422004736792
1079,0.37663083448352286,0.0,0.3640196620191447,0.9811541896943402
1080,0.1559455565742149,0.7407407407407407,0.3723221701115185,0.9834235998003824
1081,0.7542154028014252,0.0,0.3806625119004028,0.9855497583166142
1082,0.8726228016267206,0.003703703703703704,0.38903821596252364,0.9875320352163803
1083,0.8526951376365535,0.0,0.3974468003960075,0.9893698431082549
1084,0.7000842912649399,0.5185185185185185,0.4058857735558129,0.991062637410096
1085,0.8811224506929681,0.0,0.41435263479206463,0.9926099165104187
1086,0.39326744510153566,0.0,0.42284487519104946,0.9940112219170325
1087,0.1688176051206104,0.0,0.43135997831865874,0.9952661383929027
1088,0.21874422806328225,0.0,0.4398954209660656,0.9963742940791944
1089,0.06498487122914126,0.0,0.44844867389740284,0.9973353606054616
1090,0.6929783025552678,0.0,0.45701720259923345,0.998149053186951
1091,0.725771298656377,0.0,0.46559846803157817,0.9988151307089901
1092,0.6844047726990331,0.2222222222222222,0.4741899273802915,0.9993333957984336
1093,0.24141219771842687,0.28703703703703703,0.482789034810549,0.9997036948821507
1094,0.1227025592977295,0.0,0.49139324222123476,0.9999259182325311
1095,0.1730187354966972,0.0,0.5000000000000003,1.0
1096,0.05669343166194837,0.018518518518518517,0.508606757778765,0.9999259182325311
1097,0.5444208249797667,0.08333333333333333,0.517210965189451,0.9997036948821507
1098,0.6360800196119915,0.0,0.5258100726197082,0.9993333957984336
1099,0.6427360071462873,0.0,0.5344015319684214,0.9988151307089901
1100,0.24493832633144935,0.009259259259259259,0.5429827974007665,0.9981490531869511
1101,0.09896331818777138,0.037037037037037035,0.5515513261025968,0.9973353606054616
1102,0.6218781168458275,0.0,0.5601045790339344,0.9963742940791944
1103,0.6223986405934642,0.0,0.5686400216813411,0.9952661383929028
1104,0.6339509095732713,0.0,0.5771551248089506,0.9940112219170325
1105,0.6498688615977728,0.003703703703703704,0.5856473652079353,0.9926099165104187
1106,0.6396363721845542,0.0,0.5941142264441872,0.991062637410096
1107,0.24804467772863584,0.0,0.6025531996039925,0.9893698431082549
1108,0.08946292023897076,0.037037037037037035,0.6109617840374757,0.9875320352163806
1109,0.600738136256326,0.046296296296296294,0.6193374880995972,0.9855497583166142
1110,0.568136558565638,0.3611111111111111,0.6276778298884809,0.9834235998003825
1111,0.6316908290432102,0.0,0.6359803379808554,0.9811541896943401
1112,0.6248837217112134,0.037037037037037035,0.6442425521643902,0.9787422004736793
1113,0.6171833284639175,0.003703703703703704,0.6524620241667093,0.976188346862861
1114,0.21108413342870672,0.0,0.6606363183808679,0.973493385623827
1115,0.11818575645533402,0.0,0.6687630125870745,0.9706581153317544
1116,0.5955631227394996,0.0,0.6768396986704476,0.9676833761384206
1117,0.6151180245620044,0.0,0.6848639833345912,0.964570049523249
1118,0.6039922492334868,0.0,0.6928334888107813,0.9613190580321067
1119,0.6082874097059209,0.0,0.7007458535625493,0.9579313650039347
1120,0.5601708661179339,0.25,0.7085987329854563,0.9544079742852897
1121,0.23063903525121146,0.0,0.7163898001018503,0.9507499299328824
1122,0.11107640952793532,0.0,0.7241167462503998,0.9469583159042017
1123,0.5882086259180528,0.0,0.7317772817701997,0.943034255736314
1124,0.5769082232677473,0.3611111111111111,0.7393691366792479,0.9389789122129351
1125,0.6098422645133774,0.0,0.7468900613470887,0.9347934870198725
1126,0.31209596442975784,0.0,0.7543378271614285,0.9304792203889398
1127,0.6501072950563677,0.0,0.7617102271885207,0.9260373907304493
1128,0.24457899703469374,0.0,0.7690050768271275,0.9214693142543913
1129,0.1214029290375012,0.0,0.7762202144558653,0.9167763445804128
1130,0.6516386423397375,0.0,0.7833535020737394,0.9119598723367108
1131,0.6599166490360235,0.0,0.7904028259336797,0.907021324747959
1132,0.6721271286902615,0.0,0.7973660971688896,0.9019621652123908
1133,0.6777689344710974,0.0,0.8042412524118222,0.8967838928681618
1134,0.6440121298824287,0.0,0.8110262544056013,0.8914880421491242
1135,0.2379028601940378,0.0,0.8177190926077037,0.8860761823301397
1136,0.1106868562716395,0.1111111111111111,0.8243177837857267,0.8805499170620703
1137,0.6205046057956121,0.009259259259259259,0.8308203726050631,0.8749108838965813
1138,0.6949630092317405,0.0,0.8372249322083083,0.8691607538009001
1139,0.6945499484513579,0.06481481481481481,0.8435295647862299,0.863301230662672
1140,0.6650345728514963,0.018518518518518517,0.8497324021401302,0.8573340507850616
1141,0.6504464750467631,0.0,0.855831606235433,0.8512609823722492
1142,0.24891109790212138,0.0,0.8618253697463332,0.8450838250054727
1143,0.11541858504854303,0.0,0.8677119165913464,0.8388044091097742
1144,0.6553091743150075,0.0,0.8734895024596006,0.8324245954116043
1145,0.677073783401673,0.0,0.8791564153277124,0.8259462743874493
1146,0.6472628846418629,0.0,0.8847109759670969,0.8193713657036426
1147,0.6475382584954512,0.0,0.8901515384415595,0.8127018176475251
1148,0.6448315350077407,0.2037037037037037,0.8954764905950221,0.8059396065501265
1149,0.2238890176205684,0.027777777777777776,0.9006842545292397,0.7990867362005356
1150,0.12033165758268771,0.0,0.9057732870713657,0.792145237252134
1151,0.6769528875635122,0.0,0.9107420802312278,0.7851171666208697
1152,0.6997417530568176,0.0,0.9155891616481773,0.7780046068757491
1153,0.6733461617250492,0.003703703703703704,0.9203130950273818,0.7708096656217263
1154,0.707791400947689,0.0,0.9249124805654301,0.7635344748751745
1155,0.5167994841777571,0.0,0.9293859553651244,0.7561811904321232
1156,0.25860627247906987,0.0,0.9337321938393361,0.7487519912294497
1157,0.11826299546304785,0.37037037037037035,0.937949908103806,0.7412490786992132
1158,0.13390893185168767,0.005555555555555555,0.9420378483587715,0.7336746761163224
1159,0.14485000520523747,0.0,0.9459948032593103,0.7260310279397317
1160,0.7347276653334542,0.0,0.949819600274287,0.7183203991473592
1161,0.7465418752959428,0.28703703703703703,0.9535111060338006,0.7105450745649251
1162,0.8341712086561419,0.0,0.9570682266650249,0.7027073581889085
1163,0.29467017264597334,0.0,0.9604899081163483,0.6948095725038231
1164,0.12737384015555264,0.0,0.9637751364697105,0.686854057794016
1165,0.7670437945173737,0.16666666666666666,0.9669229382410496,0.6788431714501894
1166,0.7388146163068335,0.05555555555555555,0.9699323806687655,0.6707792872708562
1167,0.7758893400094701,0.0,0.9728025719901179,0.6626647947589317
1168,0.7873207131511164,0.0,0.9755326617054744,0.6545020984136722
1169,0.7716848514156567,0.003703703703703704,0.9781218408303322,0.6462936170181701
1170,0.302350416586909,0.06481481481481481,0.9805693421350374,0.6380417829226167
1171,0.1371932687883886,0.0,0.9828744403721323,0.6297490413235435
1172,0.7764602370230071,0.0,0.985036452491261,0.6214178495392583
1173,0.7933789379300618,0.009259259259259259,0.9870547378415725,0.6130506762816887
1174,0.783546076426319,0.0,0.9889286983615595,0.6046500009248492
1175,0.8137935434905986,0.0,0.9906577787562763,0.5962183127701497
1176,0.7963140202231871,0.0,0.9922414666618855,0.5877581103087609
1177,0.3049731846314524,0.0,0.993679292797482,0.5792719004812583
1178,0.2231535679384237,0.0,0.9949708311041507,0.5707621979347611
1179,0.8103110717080231,0.0,0.9961156988712179,0.5622315242777887
1180,0.8091726358986758,0.0,0.9971135568496559,0.5536824073330523
1181,0.8113957760337434,0.0,0.9979641093526099,0.5451173803884077
1182,0.8265816365938269,0.0,0.9986671043430173,0.5365389814461871
1183,0.8048170275071613,0.0,0.9992223335082902,0.527949752471134
1184,0.3094295395547675,0.0,0.9996296323220443,0.5193522386371643
1185,0.13120556658170374,0.0,0.9998888800928507,0.510748987573177
1186,0.7967808124871968,0.0,1.0,0.5021425486081355
1187,0.1583769062083371,0.0,0.9999629591162655,0.4935354720156473
1188,0.8413544363735278,0.0,0.9997777684176605,0.4849303082582625
1189,0.8041554586150038,0.1111111111111111,0.9994444827801858,0.47632960723171724
1190,0.8598514996121258,0.0,0.9989632009635685,0.4677359175093441
1191,0.33529789070344584,0.0,0.9983340655819979,0.4591517855868748
1192,0.14321791139006707,0.0,0.9975572630618652,0.4505797551278585
1193,0.836894723232486,0.0,0.9966330235865223,0.44202236620991997
1194,0.8498171450447818,0.0,0.9955616210280721,0.43348215457207906
1195,0.8328883694845471,0.09259259259259259,0.9943433728662157,0.42496165086335713
1196,0.8382984582422416,0.0,0.9929786400941751,0.4164633798928903
1197,0.8331100118545085,0.0,0.9914678271117243,0.4079898598817751
1198,0.34612814287201493,0.0,0.9898113816053558,0.3995436017168643
1199,0.14136081698720854,0.0,0.9880097944156223,0.39112710820673713
1200,0.8131789896466147,0.0,0.9860635993916894,0.3827428733400636
1201,0.8345305379528976,0.0,0.9839733732331453,0.3743933815465815
1202,0.8398734623560583,0.0,0.9817397353191112,0.36608110696090584
1203,0.3246724898162047,0.0,0.979363347524707,0.35780851268938996
1204,0.16143624255734995,0.0,0.9768449140249231,0.34957805008025367
1205,0.24812863317180306,0.0,0.9741851810859574,0.34139215799719586
1206,0.11735627667684206,0.0,0.9713849368440816,0.33325326209670714
1207,0.7717654486410972,0.0,0.9684450110720988,0.3251637741092943
1208,0.8138069763615053,0.0,0.9653662749334638,0.3171260911248336
1209,0.824190585572425,0.0,0.9621496407241394,0.3091425948822606
1210,0.822682745813142,0.07407407407407407,0.9587960616022622,0.3012156510638099
1211,0.7719132102210714,0.19444444444444442,0.9553065313057024,0.29334760859401254
1212,0.29706458188510193,0.001851851851851852,0.951682083857597,0.2855407989436586
1213,0.13425482827753654,0.0,0.9479237932599468,0.27779753543893215
1214,0.83230739781783,0.0,0.9440327731753664,0.27012011257592294
1215,0.8546899189662062,0.0,0.93157506052387,0.2475055361092659
1216,0.8458443734741098,0.0,0.9271650405358792,0.24011402049813318
1217,0.35353637117708886,0.003703703703703704,0.9226284423274012,0.23279951196747156
1218,0.1032450457892987,0.2222222222222222,0.9179666101903927,0.22556417796401862
1219,0.8138875735869459,0.0,0.9131809255263263,0.2184101624733908
1220,0.8422611551597335,0.009259259259259259,0.908272806436852,0.21133958538477454
1221,0.810559579819798,0.0,0.9032437073035817,0.2043545418627566
1222,0.7839893611662418,0.2222222222222222,0.8980951183571253,0.19745710172648218
1223,0.8337984464884796,0.0,0.8928285652355035,0.19064930883632253
1224,0.35938302823925283,0.0,0.8874456085320673,0.1839331804882351
1225,0.14701941385667797,0.0,0.8819478433330623,0.17731070681599576
1226,0.8012539584991453,0.0,0.876336898744968,0.1707838502014779
1227,0.8253894693008526,0.0,0.8706144374117601,0.16435454469315774
1228,0.8001121644720713,0.0,0.8647821550222323,0.15802469543301284
1229,0.8287711945516275,0.0,0.8588417798075281,0.1517961780919887
1230,0.8114495075173703,0.0,0.8527950720290268,0.14567083831419575
1231,0.3413729065710246,0.06481481481481481,0.8466438234567422,0.13965049117000577
1232,0.13597087753587414,0.0,0.8403898568383805,0.13373692061820713
1233,0.8006360464374347,0.17592592592592593,0.8340350253592232,0.12793187897738
1234,0.8104823408120841,0.0,0.8275812120929857,0.12223708640664543
1235,0.8275790272586533,0.0,0.8210303294438235,0.11665423039594591
1236,0.8480406478673638,0.0,0.8143843185796449,0.11118496526600496
1237,0.8280391030872095,0.0,0.8076451488569021,0.10583091167811753
1238,0.1799534551023081,0.0,0.8008148172370269,0.1005936561539113
1239,0.14369813652498345,0.0,0.7938953476946888,0.09547475060522748
1240,0.8055894175842996,0.0,0.7868887906180475,0.0904757118742549
1241,0.8975844339891932,0.0,0.7797972222011791,0.08559802128405797
1242,0.8260946950234571,0.0,0.7653674814538516,0.07621242959958918
1243,0.8199928134140648,0.0,0.758033584966995,0.07170730965869099
1244,0.33018668332342654,0.0,0.7506232275600919,0.06732909934120013
1245,0.14612612794137894,0.0,0.7431386050819704,0.06307909600532297
1246,0.833566729465338,0.0,0.7355819353878024,0.05895855901877084
1247,0.8209868458611645,0.0,0.7279554576819045,0.05496870938558113
1248,0.800622613566528,0.0,0.7202614318542137,0.05111072938430827
1249,0.8305443335113188,0.009259259259259259,0.7125021378106333,0.04738576221768853
1250,0.8216786387128623,0.0,0.7046798747974479,0.04379491167388483
1251,0.37018641466600843,0.0,0.6967969607200066,0.040339241799410286
1252,0.1505321095987937,0.0,0.6888557314558778,0.037019776583828046
1253,0.8008946292023896,0.0,0.680858540162678,0.033837499656321435
1254,0.8111170439624282,0.018518518518518517,0.6728077565807811,0.030793353994223283
1255,0.819173408288753,0.0,0.6647057663311124,0.02788824164359127
1256,0.7777229268882419,0.06481481481481481,0.6565549702082383,0.025123023451912363
1257,0.8231730456012385,0.07407407407407407,0.6483577834689586,0.02249851881301501
1258,0.26192754981076444,0.4629629629629629,0.6401166351166133,0.020015505424265112
1259,0.03069411002192916,0.25925925925925924,0.6318339671813187,0.017674719056117782
1260,0.10109242822649163,0.6611111111111111,0.6235122339963384,0.015476853334092155
1261,0.7747475459823961,0.0,0.6151539014708125,0.013422559533235345
1262,0.8444070562870872,0.0,0.606761446359056,0.011512446385135933
1263,0.17277022738492226,0.0,0.5983373555266428,0.009747079897543365
1264,0.8191633336355729,0.0,0.589884125213493,0.008126983186647563
1265,0.3329471382947642,0.0,0.5814042602941841,0.006652636322068528
1266,0.1216581535847295,0.0,0.5729002735357023,0.005324476184601301
1267,0.7802315155300779,0.08333333333333333,0.564374684852855,0.0041428963367585725
1268,0.7949002105602514,0.0,0.5558300205615665,0.003108246906149914
1269,0.7840430926498688,0.0,0.5472688126302745,0.002220834481731049
1270,0.7630407989871615,0.0,0.5386935979296561,0.0014809220229554665
1271,0.8031782172565376,0.009259259259259259,0.5301069174808949,0.0008887287818531986
1272,0.324195622899015,0.018518518518518517,0.5215113157027236,0.00044443023806217674
1273,0.13139362677439828,0.0,0.5129093396574573,0.0001481580468296606
1274,0.7986446233255087,0.0,0.5043035382962443,0.0
1275,0.784708019759753,0.0,0.49569646170375603,0.0
1276,0.8042192647518108,0.0,0.48709066034254295,0.0001481580468296606
1277,0.8235055091561806,0.0,0.47848868429727653,0.00044443023806217674
1278,0.824210734878785,0.0,0.4698930825191052,0.0008887287818531986
1279,0.35833862252625287,0.0,0.4613064020703438,0.0014809220229554665
1280,0.15139517155455257,0.0,0.4527311873697254,0.002220834481731049
1281,0.2994589911242305,0.0,0.4441699794384339,0.0031082469061498585
1282,0.15875974302917956,0.0,0.43562531514714525,0.0041428963367585725
1283,0.8462842999963059,0.0,0.42709972646429806,0.005324476184601246
1284,0.8555193987446982,0.4074074074074074,0.4185957397058162,0.0066526363220684726
1285,0.8176554938762899,0.0027777777777777775,0.41011587478650713,0.008126983186647507
1286,0.36572670152496667,0.0,0.4016626444733573,0.00974707989754331
1287,0.1712623876256393,0.0,0.39323855364094407,0.011512446385135933
1288,0.8170107160727658,0.0,0.38484609852918766,0.01342255953323529
1289,0.8153316072094218,0.0,0.3764877660036618,0.0154768533340921
1290,0.8275756690409265,0.0,0.3681660328186812,0.017674719056117782
1291,0.8161678034233671,0.001851851851851852,0.3598833648833866,0.020015505424265168
1292,0.8315081419988783,0.0,0.3516422165310418,0.0224985188130149
1293,0.3445867209354651,0.0027777777777777775,0.3434450297917618,0.025123023451912307
1294,0.14384589810495774,0.10185185185185185,0.33529423366888766,0.027888241643591216
1295,0.716878738116107,0.0,0.32719224341921904,0.030793353994223227
1296,0.7170432907847147,0.0,0.3191414598373221,0.03383749965632138
1297,0.7250996551110395,0.0,0.31114426854412236,0.03701977658382799
1298,0.6947547997326858,0.17592592592592593,0.30320303927999354,0.04033924179941023
1299,0.6783196821782743,0.00648148148148148,0.29532012520255224,0.04379491167388477
1300,0.34307216474072877,0.0,0.28749786218936674,0.047385762217688476
1301,0.16328997874248177,0.0,0.2797385681457863,0.05111072938430833
1302,0.681090211802792,0.0,0.27204454231809544,0.05496870938558118
1303,0.7055682608126215,0.0,0.2644180646121975,0.058958559018770895
1304,0.7156563468635925,0.0,0.2568613949180295,0.06307909600532302
1305,0.7262649566622001,0.0,0.24937677243990813,0.06732909934120007
1306,0.7338646033776953,0.0,0.2419664150330051,0.07170730965869093
1307,0.3370038653086034,0.0,0.23463251854614858,0.07621242959958913
1308,0.15669779734499306,0.0,0.22737725617114618,0.08084312419962764
1309,0.7844763027366116,0.0,0.22020277779882103,0.08559802128405791
1310,0.8139413050705729,0.0,0.2131112093819526,0.09047571187425485
1311,0.8561205197177754,0.0,0.20610465230531116,0.09547475060522753
1312,0.8290700759293027,0.06481481481481481,0.19918518276297315,0.10059365615391136
1313,0.7755165778418077,0.06481481481481481,0.19235485114309786,0.10583091167811759
1314,0.3338068420327963,0.0,0.185615681420355,0.11118496526600508
1315,0.15197278500354292,0.0,0.17896967055617657,0.1166542303959458
1316,0.8007132854451485,0.0,0.17241878790701431,0.12223708640664538
1317,0.8146364561399974,0.0,0.1659649746407768,0.12793187897737995
1318,0.7811785329290039,0.0,0.15961014316161948,0.13373692061820708
1319,0.7213082272976086,0.0,0.15335617654325817,0.1396504911700055
1320,0.8408742112386114,0.1111111111111111,0.14720492797097345,0.14567083831419553
1321,0.25396521558078694,0.18518518518518517,0.1411582201924722,0.15179617809198848
1322,0.1639649805055461,0.0,0.13521784497776757,0.1580246954330129
1323,0.24872639592715354,0.0,0.12938556258823997,0.16435454469315763
1324,0.802818887959782,0.0,0.12366310125503205,0.17078385020147785
1325,0.773877767591184,0.0,0.11805215666693769,0.1773107068159958
1326,0.8343357613247496,0.0,0.11255439146793272,0.18393318048823504
1327,0.8201472914294925,0.0,0.10717143476449664,0.19064930883632247
1328,0.34107402519334934,0.0,0.10190488164287487,0.1974571017264819
1329,0.1367734915725526,0.0,0.09675629269641833,0.20435454186275648
1330,0.7985573096646148,0.0,0.09172719356314812,0.21133958538477426
1331,0.8179745245603253,0.0,0.08681907447367371,0.21841016247339068
1332,0.7867766818793929,0.027777777777777776,0.08203338980960767,0.22556417796401818
1333,0.8114998807832706,0.0,0.07737155767259885,0.23279951196747162
1334,0.8059957619292288,0.0,0.07283495946412083,0.24011402049813307
1335,0.3329572129479442,0.0,0.06842493947613004,0.247505536109266
1336,0.15132464898229211,0.0,0.0641428044927253,0.2549718685352721
1337,0.7950748378820391,0.0,0.05998982340291786,0.2625108053407175
1338,0.812077494232261,0.0,0.055967226824633676,0.2701201125759226
1339,0.8442928768843798,0.0,0.052076206740053255,0.27779753543893204
1340,0.8314241865557112,0.0,0.04831791614240322,0.2855407989436583
1341,0.5880608643380785,0.0,0.04469346869429763,0.29334760859401243
1342,0.3568878724683236,0.0,0.04120393839773795,0.30121565106380954
1343,0.14242201378884198,0.008333333333333333,0.03785035927586056,0.3091425948822607
1344,0.7559918999788432,0.21296296296296297,0.034633725066536225,0.3171260911248335
1345,0.8360215866235471,0.0,0.03155498892790126,0.32516377410929437
1346,0.7924218458779556,0.0,0.028615063155918496,0.333253262096707
1347,0.8280088791276693,0.0,0.02581481891404258,0.3413921579971959
1348,0.8340066559875342,0.0,0.023155085975076983,0.34957805008025333
1349,0.3388374521873751,0.0,0.02063665247529295,0.35780851268938985
1350,0.16818626018799301,0.0,0.018260264680888927,0.3660811069609055
1351,0.8036114273432803,0.0,0.016026626766854846,0.3743933815465814
1352,0.7919315460898592,0.0,0.01393640060831064,0.3827428733400633
1353,0.8314678433861581,0.0,0.0119902055843778,0.3911271082067369
1354,0.8235894645993478,0.0,0.010188618394644244,0.3995436017168642
1355,0.8117517471127723,0.0,0.008532172888275735,0.4079898598817752
1356,0.335113188728478,0.0,0.00702135990582492,0.4164633798928902
1357,0.1547365981926072,0.0,0.005656627133784398,0.42496165086335713
1358,0.7550280914912837,0.0,0.004438378971927948,0.43348215457207884
1359,0.7876061616578849,0.0,0.003366976413477718,0.44202236620991986
1360,0.8094648008408977,0.0,0.002442736938134793,0.45057975512785814
1361,0.8166581032114636,0.0,0.001665934418002224,0.45915178558687453
1362,0.8263935764011323,0.0,0.0010367990364315571,0.4677359175093441
1363,0.33484117309261624,0.0,0.0005555172198142833,0.476329607231717
1364,0.1653418497734882,0.0,0.0002222315823394716,0.4849303082582624
1365,0.7587019816842805,0.41666666666666663,3.704088373446268e-05,0.49353547201564724
