FECHA,TOTAL,PRECIPITACION,PRECIPITACION_LAG1,PRECIPITACION_LAG2
2016-01-01,13641.0,0.0,0.0,0.0
2016-01-02,46091.0,0.0,0.0,0.0
2016-01-03,24907.0,0.9,0.0,0.0
2016-01-04,162160.0,0.0,0.9,0.0
2016-01-05,171150.0,0.0,0.0,0.9
2016-01-06,174075.0,0.0,0.0,0.0
2016-01-07,164179.0,0.0,0.0,0.0
2016-01-08,168363.0,0.0,0.0,0.0
2016-01-09,59459.0,2.0,0.0,0.0
2016-01-10,26374.0,0.0,2.0,0.0
2016-01-11,166516.0,0.0,0.0,2.0
2016-01-12,173901.0,0.0,0.0,0.0
2016-01-13,168167.0,0.0,0.0,0.0
2016-01-14,166379.0,0.0,0.0,0.0
2016-01-15,163324.0,0.0,0.0,0.0
2016-01-16,55107.0,0.0,0.0,0.0
2016-01-17,26293.0,0.0,0.0,0.0
2016-01-18,160566.0,0.0,0.0,0.0
2016-01-19,160751.0,0.0,0.0,0.0
2016-01-20,158746.0,0.0,0.0,0.0
2016-01-21,158603.0,4.0,0.0,0.0
2016-01-22,150929.0,0.0,4.0,0.0
2016-01-23,51660.0,7.0,0.0,4.0
2016-01-24,24996.0,0.0,7.0,0.0
2016-01-25,156193.0,0.0,0.0,7.0
2016-01-26,160032.0,0.0,0.0,0.0
2016-01-27,163393.0,0.0,0.0,0.0
2016-01-28,153588.0,3.0,0.0,0.0
2016-01-29,155662.0,0.0,3.0,0.0
2016-01-30,57171.0,0.0,0.0,3.0
2016-01-31,27862.0,0.0,0.0,0.0
2016-02-01,167632.0,0.0,0.0,0.0
2016-02-02,171059.0,0.0,0.0,0.0
2016-02-03,173926.0,0.0,0.0,0.0
2016-02-04,171318.0,0.0,0.0,0.0
2016-02-05,170546.0,0.0,0.0,0.0
2016-02-06,57902.0,40.0,0.0,0.0
2016-02-07,24936.0,10.0,40.0,0.0
2016-02-08,31164.0,0.0,10.0,40.0
2016-02-09,32398.0,0.0,0.0,10.0
2016-02-10,176280.0,0.0,0.0,0.0
2016-02-11,176307.0,45.0,0.0,0.0
2016-02-12,170429.0,0.0,45.0,0.0
2016-02-13,55422.0,0.0,0.0,45.0
2016-02-14,29999.0,0.0,0.0,0.0
2016-02-15,170079.0,39.0,0.0,0.0
2016-02-16,172168.0,0.0,39.0,0.0
2016-02-17,173873.0,31.0,0.0,39.0
2016-02-18,180146.0,3.0,31.0,0.0
2016-02-19,165869.0,0.0,3.0,31.0
2016-02-20,64610.0,0.0,0.0,3.0
2016-02-21,29649.0,0.0,0.0,0.0
2016-02-22,179878.0,0.0,0.0,0.0
2016-02-23,183596.0,0.0,0.0,0.0
2016-02-24,178634.0,7.0,0.0,0.0
2016-02-25,188193.0,15.0,7.0,0.0
2016-02-26,171992.0,0.0,15.0,7.0
2016-02-27,67337.0,0.0,0.0,15.0
2016-02-28,29861.0,4.0,0.0,0.0
2016-02-29,184899.0,0.0,4.0,0.0
2016-03-01,181894.0,0.0,0.0,4.0
2016-03-02,194387.0,0.0,0.0,0.0
2016-03-03,196411.0,3.0,0.0,0.0
2016-03-04,196113.0,0.0,3.0,0.0
2016-03-05,72278.0,0.0,0.0,3.0
2016-03-06,32137.0,0.0,0.0,0.0
2016-03-07,197562.0,0.0,0.0,0.0
2016-03-08,204883.0,0.0,0.0,0.0
2016-03-09,197270.0,0.2,0.0,0.0
2016-03-10,201665.0,0.0,0.2,0.0
2016-03-11,200694.0,0.0,0.0,0.2
2016-03-12,78386.0,0.0,0.0,0.0
2016-03-13,34333.0,0.0,0.0,0.0
2016-03-14,202990.0,0.0,0.0,0.0
2016-03-15,217748.0,0.0,0.0,0.0
2016-03-16,219423.0,28.0,0.0,0.0
2016-03-17,205765.0,0.9,28.0,0.0
2016-03-18,187104.0,0.0,0.9,28.0
2016-03-19,79753.0,11.0,0.0,0.9
2016-03-20,35688.0,2.0,11.0,0.0
2016-03-21,206792.0,0.0,2.0,11.0
2016-03-22,213284.0,0.0,0.0,2.0
2016-03-23,178831.0,0.0,0.0,0.0
2016-03-24,86776.0,0.0,0.0,0.0
2016-03-25,37294.0,4.0,0.0,0.0
2016-03-26,62487.0,0.0,4.0,0.0
2016-03-27,30601.0,0.0,0.0,4.0
2016-03-28,205740.0,0.0,0.0,0.0
2016-03-29,208198.0,0.0,0.0,0.0
2016-03-30,213012.0,0.0,0.0,0.0
2016-03-31,207968.0,52.0,0.0,0.0
2016-04-01,196768.0,10.0,52.0,0.0
2016-04-02,56181.0,1.0,10.0,52.0
2016-04-03,36522.0,24.0,1.0,10.0
2016-04-04,205358.0,15.0,24.0,1.0
2016-04-05,217403.0,0.0,15.0,24.0
2016-04-06,217167.0,2.0,0.0,15.0
2016-04-07,221342.0,8.0,2.0,0.0
2016-04-08,216863.0,4.0,8.0,2.0
2016-04-09,86184.0,1.0,4.0,8.0
2016-04-10,34416.0,0.0,1.0,4.0
2016-04-11,218534.0,6.0,0.0,1.0
2016-04-12,222672.0,2.0,6.0,0.0
2016-04-13,214493.0,4.0,2.0,6.0
2016-04-14,221463.0,28.0,4.0,2.0
2016-04-15,204245.0,0.5,28.0,4.0
2016-04-16,80235.0,8.0,0.5,28.0
2016-04-17,31078.0,33.0,8.0,0.5
2016-04-18,222775.0,3.0,33.0,8.0
2016-04-19,217934.0,0.0,3.0,33.0
2016-04-20,230413.0,0.0,0.0,3.0
2016-04-21,222930.0,0.5,0.0,0.0
2016-04-22,219758.0,0.0,0.5,0.0
2016-04-23,85791.0,30.0,0.0,0.5
2016-04-24,35870.0,0.8,30.0,0.0
2016-04-25,209944.0,0.0,0.8,30.0
2016-04-26,219357.0,0.0,0.0,0.8
2016-04-27,220034.0,0.0,0.0,0.0
2016-04-28,218720.0,0.0,0.0,0.0
2016-04-29,209418.0,0.0,0.0,0.0
2016-04-30,88577.0,0.0,0.0,0.0
2016-05-01,34312.0,0.0,0.0,0.0
2016-05-02,216992.0,0.0,0.0,0.0
2016-05-03,223948.0,0.0,0.0,0.0
2016-05-04,227797.0,3.0,0.0,0.0
2016-05-05,233599.0,0.0,3.0,0.0
2016-05-06,223921.0,0.0,0.0,3.0
2016-05-07,100808.0,0.0,0.0,0.0
2016-05-08,40445.0,0.0,0.0,0.0
2016-05-09,217634.0,0.0,0.0,0.0
2016-05-10,223080.0,0.0,0.0,0.0
2016-05-11,225419.0,0.0,0.0,0.0
2016-05-12,230789.0,0.0,0.0,0.0
2016-05-13,213162.0,0.3,0.0,0.0
2016-05-14,87147.0,3.0,0.3,0.0
2016-05-15,32576.0,0.0,3.0,0.3
2016-05-16,216079.0,0.0,0.0,3.0
2016-05-17,220041.0,0.0,0.0,0.0
2016-05-18,222457.0,0.0,0.0,0.0
2016-05-19,224484.0,0.0,0.0,0.0
2016-05-20,221960.0,0.0,0.0,0.0
2016-05-21,86843.0,0.0,0.0,0.0
2016-05-22,39376.0,0.0,0.0,0.0
2016-05-23,218720.0,0.0,0.0,0.0
2016-05-24,226922.0,0.0,0.0,0.0
2016-05-25,47296.0,0.0,0.0,0.0
2016-05-26,223661.0,1.0,0.0,0.0
2016-05-27,217177.0,31.0,1.0,0.0
2016-05-28,82045.0,4.0,31.0,1.0
2016-05-29,30250.0,0.3,4.0,31.0
2016-05-30,216252.0,0.0,0.3,4.0
2016-05-31,222208.0,0.7,0.0,0.3
2016-06-01,223653.0,3.0,0.7,0.0
2016-06-02,228010.0,2.0,3.0,0.7
2016-06-03,240658.0,4.0,2.0,3.0
2016-06-04,79687.0,0.0,4.0,2.0
2016-06-05,40325.0,0.0,0.0,4.0
2016-06-06,225109.0,0.0,0.0,0.0
2016-06-07,227064.0,0.0,0.0,0.0
2016-06-08,228776.0,0.8,0.0,0.0
2016-06-09,227500.0,0.0,0.8,0.0
2016-06-10,230542.0,0.0,0.0,0.8
2016-06-11,92025.0,0.0,0.0,0.0
2016-06-12,39180.0,0.0,0.0,0.0
2016-06-13,223009.0,0.0,0.0,0.0
2016-06-14,229087.0,0.0,0.0,0.0
2016-06-15,257476.0,0.0,0.0,0.0
2016-06-16,241758.0,0.0,0.0,0.0
2016-06-17,61392.0,0.0,0.0,0.0
2016-06-18,84458.0,0.0,0.0,0.0
2016-06-19,36661.0,0.0,0.0,0.0
2016-06-20,38498.0,0.0,0.0,0.0
2016-06-21,224277.0,0.0,0.0,0.0
2016-06-22,225176.0,0.0,0.0,0.0
2016-06-23,227275.0,0.0,0.0,0.0
2016-06-24,226361.0,0.0,0.0,0.0
2016-06-25,84288.0,13.0,0.0,0.0
2016-06-26,31404.0,7.0,13.0,0.0
2016-06-27,188172.0,0.0,7.0,13.0
2016-06-28,223153.0,0.3,0.0,7.0
2016-06-29,225750.0,3.0,0.3,0.0
2016-06-30,223192.0,5.0,3.0,0.3
2016-07-01,220887.0,40.0,5.0,3.0
2016-07-02,80099.0,48.0,40.0,5.0
2016-07-03,29752.0,1.0,48.0,40.0
2016-07-04,209469.0,5.0,1.0,48.0
2016-07-05,224859.0,0.0,5.0,1.0
2016-07-06,230472.0,0.0,0.0,5.0
2016-07-07,240144.0,0.0,0.0,0.0
2016-07-08,68459.0,0.0,0.0,0.0
2016-07-09,65497.0,0.0,0.0,0.0
2016-07-10,38965.0,15.0,0.0,0.0
2016-07-11,221493.0,0.0,15.0,0.0
2016-07-12,228410.0,0.0,0.0,15.0
2016-07-13,227625.0,1.0,0.0,0.0
2016-07-14,235497.0,0.0,1.0,0.0
2016-07-15,225870.0,0.0,0.0,1.0
2016-07-16,90560.0,0.0,0.0,0.0
2016-07-17,41587.0,0.0,0.0,0.0
2016-07-18,202990.0,0.0,0.0,0.0
2016-07-19,211125.0,0.0,0.0,0.0
2016-07-20,206909.0,0.0,0.0,0.0
2016-07-21,199195.0,0.0,0.0,0.0
2016-07-22,199643.0,0.0,0.0,0.0
2016-07-23,88353.0,0.0,0.0,0.0
2016-07-24,42203.0,29.0,0.0,0.0
2016-07-25,176194.0,22.0,29.0,0.0
2016-07-26,170942.0,0.0,22.0,29.0
2016-07-27,202517.0,0.0,0.0,22.0
2016-07-28,199096.0,0.0,0.0,0.0
2016-07-29,204233.0,0.7,0.0,0.0
2016-07-30,86449.0,16.0,0.7,0.0
2016-07-31,32411.0,0.0,16.0,0.7
2016-08-01,211895.0,0.0,0.0,16.0
2016-08-02,221208.0,0.0,0.0,0.0
2016-08-03,220675.0,0.0,0.0,0.0
2016-08-04,228129.0,2.0,0.0,0.0
2016-08-05,223058.0,0.0,2.0,0.0
2016-08-06,94202.0,0.0,0.0,2.0
2016-08-07,52762.0,3.0,0.0,0.0
2016-08-08,223899.0,0.0,3.0,0.0
2016-08-09,229740.0,0.0,0.0,3.0
2016-08-10,233265.0,0.0,0.0,0.0
2016-08-11,237133.0,0.0,0.0,0.0
2016-08-12,234142.0,0.0,0.0,0.0
2016-08-13,90269.0,0.0,0.0,0.0
2016-08-14,44699.0,0.0,0.0,0.0
2016-08-15,46476.0,0.0,0.0,0.0
2016-08-16,230291.0,0.0,0.0,0.0
2016-08-17,233176.0,0.0,0.0,0.0
2016-08-18,237515.0,0.0,0.0,0.0
2016-08-19,212208.0,0.0,0.0,0.0
2016-08-20,95535.0,0.0,0.0,0.0
2016-08-21,42669.0,0.0,0.0,0.0
2016-08-22,227080.0,0.0,0.0,0.0
2016-08-23,232814.0,0.0,0.0,0.0
2016-08-24,232775.0,0.0,0.0,0.0
2016-08-25,225998.0,6.0,0.0,0.0
2016-08-26,227901.0,47.0,6.0,0.0
2016-08-27,68730.0,0.0,47.0,6.0
2016-08-28,39746.0,0.0,0.0,47.0
2016-08-29,227576.0,0.0,0.0,0.0
2016-08-30,232177.0,0.0,0.0,0.0
2016-08-31,234087.0,0.0,0.0,0.0
2016-09-01,226903.0,0.0,0.0,0.0
2016-09-02,222418.0,0.0,0.0,0.0
2016-09-03,91678.0,12.0,0.0,0.0
2016-09-04,38218.0,13.0,12.0,0.0
2016-09-05,210927.0,3.0,13.0,12.0
2016-09-06,212853.0,0.1,3.0,13.0
2016-09-07,231658.0,0.0,0.1,3.0
2016-09-08,238128.0,0.0,0.0,0.1
2016-09-09,236186.0,0.0,0.0,0.0
2016-09-10,94574.0,0.0,0.0,0.0
2016-09-11,49842.0,27.0,0.0,0.0
2016-09-12,216301.0,0.0,27.0,0.0
2016-09-13,236807.0,0.0,0.0,27.0
2016-09-14,234379.0,0.0,0.0,0.0
2016-09-15,242634.0,0.0,0.0,0.0
2016-09-16,222299.0,0.0,0.0,0.0
2016-09-17,93417.0,0.0,0.0,0.0
2016-09-18,45331.0,0.0,0.0,0.0
2016-09-19,228088.0,0.0,0.0,0.0
2016-09-20,228786.0,0.0,0.0,0.0
2016-09-21,219048.0,0.0,0.0,0.0
2016-09-22,231735.0,0.0,0.0,0.0
2016-09-23,229843.0,0.0,0.0,0.0
2016-09-24,89417.0,0.0,0.0,0.0
2016-09-25,43838.0,0.0,0.0,0.0
2016-09-26,217366.0,0.0,0.0,0.0
2016-09-27,229403.0,0.0,0.0,0.0
2016-09-28,229860.0,0.0,0.0,0.0
2016-09-29,228286.0,0.0,0.0,0.0
2016-09-30,226948.0,0.0,0.0,0.0
2016-10-01,93319.0,4.0,0.0,0.0
2016-10-02,35624.0,0.0,4.0,0.0
2016-10-03,222837.0,0.0,0.0,4.0
2016-10-04,228788.0,0.3,0.0,0.0
2016-10-05,208692.0,4.0,0.3,0.0
2016-10-06,235529.0,4.0,4.0,0.3
2016-10-07,226645.0,0.0,4.0,4.0
2016-10-08,96052.0,0.0,0.0,4.0
2016-10-09,54139.0,0.0,0.0,0.0
2016-10-10,43406.0,0.0,0.0,0.0
2016-10-11,239799.0,1.0,0.0,0.0
2016-10-12,227134.0,0.0,1.0,0.0
2016-10-13,236487.0,34.0,0.0,1.0
2016-10-14,239404.0,17.0,34.0,0.0
2016-10-15,84559.0,0.0,17.0,34.0
2016-10-16,40166.0,0.0,0.0,17.0
2016-10-17,225848.0,40.0,0.0,0.0
2016-10-18,228451.0,25.0,40.0,0.0
2016-10-19,229489.0,1.0,25.0,40.0
2016-10-20,231496.0,0.0,1.0,25.0
2016-10-21,234670.0,0.0,0.0,1.0
2016-10-22,101212.0,0.0,0.0,0.0
2016-10-23,43272.0,0.0,0.0,0.0
2016-10-24,224726.0,13.0,0.0,0.0
2016-10-25,233598.0,0.8,13.0,0.0
2016-10-26,225389.0,0.0,0.8,13.0
2016-10-27,239865.0,0.0,0.0,0.8
2016-10-28,229803.0,0.0,0.0,0.0
2016-10-29,85633.0,0.0,0.0,0.0
2016-10-30,46616.0,17.0,0.0,0.0
2016-10-31,211412.0,26.0,17.0,0.0
2016-11-01,201734.0,0.2,26.0,17.0
2016-11-02,222091.0,0.0,0.2,26.0
2016-11-03,226316.0,0.0,0.0,0.2
2016-11-04,232292.0,0.0,0.0,0.0
2016-11-05,89143.0,0.0,0.0,0.0
2016-11-06,22760.0,0.0,0.0,0.0
2016-11-07,213262.0,0.0,0.0,0.0
2016-11-08,221638.0,0.0,0.0,0.0
2016-11-09,221382.0,0.0,0.0,0.0
2016-11-10,224836.0,0.0,0.0,0.0
2016-11-11,219785.0,0.3,0.0,0.0
2016-11-12,89809.0,21.0,0.3,0.0
2016-11-13,32137.0,0.0,21.0,0.3
2016-11-14,215600.0,0.0,0.0,21.0
2016-11-15,219644.0,0.0,0.0,0.0
2016-11-16,220959.0,0.0,0.0,0.0
2016-11-17,224056.0,0.0,0.0,0.0
2016-11-18,232960.0,0.0,0.0,0.0
2016-11-19,89777.0,0.0,0.0,0.0
2016-11-20,40056.0,0.0,0.0,0.0
2016-11-21,211042.0,0.0,0.0,0.0
2016-11-22,218091.0,0.0,0.0,0.0
2016-11-23,219062.0,0.0,0.0,0.0
2016-11-24,224457.0,0.0,0.0,0.0
2016-11-25,221826.0,42.0,0.0,0.0
2016-11-26,82262.0,0.0,42.0,0.0
2016-11-27,41519.0,0.0,0.0,42.0
2016-11-28,40036.0,0.0,0.0,0.0
2016-11-29,220998.0,0.0,0.0,0.0
2016-11-30,229396.0,0.0,0.0,0.0
2016-12-01,232909.0,0.0,0.0,0.0
2016-12-02,226093.0,0.0,0.0,0.0
2016-12-03,88524.0,0.0,0.0,0.0
2016-12-04,37038.0,0.4,0.0,0.0
2016-12-05,220839.0,0.0,0.4,0.0
2016-12-06,248147.0,0.0,0.0,0.4
2016-12-07,18.0,0.0,0.0,0.0
2016-12-08,53616.0,0.0,0.0,0.0
2016-12-09,52587.0,0.0,0.0,0.0
2016-12-10,77596.0,0.0,0.0,0.0
2016-12-11,33861.0,0.0,0.0,0.0
2016-12-12,223253.0,0.0,0.0,0.0
2016-12-13,227932.0,0.0,0.0,0.0
2016-12-14,230238.0,0.0,0.0,0.0
2016-12-15,226598.0,0.0,0.0,0.0
2016-12-16,226101.0,0.0,0.0,0.0
2016-12-17,93875.0,10.0,0.0,0.0
2016-12-18,32592.0,0.0,10.0,0.0
2016-12-19,117909.0,0.0,0.0,10.0
2016-12-20,246748.0,0.0,0.0,0.0
2016-12-21,235266.0,27.0,0.0,0.0
2016-12-22,227072.0,0.0,27.0,0.0
2016-12-23,202940.0,15.0,0.0,27.0
2016-12-24,53087.0,38.0,15.0,0.0
2016-12-25,15282.0,0.0,38.0,15.0
2016-12-26,175750.0,0.0,0.0,38.0
2016-12-27,199771.0,0.0,0.0,0.0
2016-12-28,199178.0,0.0,0.0,0.0
2016-12-29,197110.0,0.0,0.0,0.0
2016-12-30,158026.0,0.0,0.0,0.0
2016-12-31,40852.0,0.0,0.0,0.0
2017-01-01,13782.0,0.0,0.0,0.0
2017-01-02,122230.0,10.0,0.0,0.0
2017-01-03,132150.0,0.0,10.0,0.0
2017-01-04,141642.0,0.0,0.0,10.0
2017-01-05,144519.0,0.0,0.0,0.0
2017-01-06,140150.0,38.7,0.0,0.0
2017-01-07,46016.0,0.0,38.7,0.0
2017-01-08,21475.0,30.0,0.0,38.7
2017-01-09,135682.0,0.0,30.0,0.0
2017-01-10,148995.0,0.0,0.0,30.0
2017-01-11,144403.0,0.0,0.0,0.0
2017-01-12,141010.0,0.0,0.0,0.0
2017-01-13,134567.0,0.0,0.0,0.0
2017-01-14,48764.0,12.0,0.0,0.0
2017-01-15,21018.0,2.0,12.0,0.0
2017-01-16,130342.0,0.0,2.0,12.0
2017-01-17,137907.0,0.0,0.0,2.0
2017-01-18,138357.0,0.0,0.0,0.0
2017-01-19,139199.0,0.0,0.0,0.0
2017-01-20,131005.0,0.0,0.0,0.0
2017-01-21,44533.0,0.0,0.0,0.0
2017-01-22,22706.0,0.0,0.0,0.0
2017-01-23,129273.0,9.0,0.0,0.0
2017-01-24,131421.0,0.0,9.0,0.0
2017-01-25,136688.0,0.0,0.0,9.0
2017-01-26,136014.0,0.0,0.0,0.0
2017-01-27,134008.0,0.0,0.0,0.0
2017-01-28,46771.0,0.0,0.0,0.0
2017-01-29,23796.0,2.0,0.0,0.0
2017-01-30,132942.0,5.0,2.0,0.0
2017-01-31,134729.0,0.0,5.0,2.0
2017-02-01,144868.0,0.0,0.0,5.0
2017-02-02,148961.0,0.0,0.0,0.0
2017-02-03,147756.0,16.0,0.0,0.0
2017-02-04,47427.0,2.0,16.0,0.0
2017-02-05,20509.0,0.0,2.0,16.0
2017-02-06,144662.0,0.0,0.0,2.0
2017-02-07,152289.0,0.0,0.0,0.0
2017-02-08,150852.0,0.0,0.0,0.0
2017-02-09,149068.0,4.0,0.0,0.0
2017-02-10,143218.0,5.0,4.0,0.0
2017-02-11,52124.0,35.0,5.0,4.0
2017-02-12,19049.0,26.0,35.0,5.0
2017-02-13,136901.0,3.0,26.0,35.0
2017-02-14,152838.0,0.0,3.0,26.0
2017-02-15,154717.0,0.6,0.0,3.0
2017-02-16,155530.0,4.0,0.6,0.0
2017-02-17,148485.0,0.0,4.0,0.6
2017-02-18,53520.0,0.0,0.0,4.0
2017-02-19,29559.0,0.0,0.0,0.0
2017-02-20,150763.0,33.0,0.0,0.0
2017-02-21,148335.0,17.0,33.0,0.0
2017-02-22,155752.0,0.0,17.0,33.0
2017-02-23,158129.0,0.0,0.0,17.0
2017-02-24,153724.0,0.0,0.0,0.0
2017-02-25,47636.0,0.0,0.0,0.0
2017-02-26,24006.0,0.0,0.0,0.0
2017-02-27,25557.0,0.0,0.0,0.0
2017-02-28,28693.0,0.0,0.0,0.0
2017-03-01,160054.0,0.4,0.0,0.0
2017-03-02,168570.0,0.0,0.4,0.0
2017-03-03,172140.0,0.0,0.0,0.4
2017-03-04,59202.0,0.0,0.0,0.0
2017-03-05,30314.0,0.0,0.0,0.0
2017-03-06,181993.0,0.0,0.0,0.0
2017-03-07,169900.0,42.0,0.0,0.0
2017-03-08,193455.0,0.0,42.0,0.0
2017-03-09,179225.0,0.0,0.0,42.0
2017-03-10,184328.0,0.0,0.0,0.0
2017-03-11,62081.0,0.0,0.0,0.0
2017-03-12,29227.0,0.0,0.0,0.0
2017-03-13,180854.0,0.0,0.0,0.0
2017-03-14,192420.0,30.0,0.0,0.0
2017-03-15,183377.0,0.0,30.0,0.0
2017-03-16,188219.0,0.0,0.0,30.0
2017-03-17,186407.0,0.0,0.0,0.0
2017-03-18,69570.0,0.0,0.0,0.0
2017-03-19,33889.0,0.0,0.0,0.0
2017-03-20,187588.0,0.0,0.0,0.0
2017-03-21,188936.0,0.0,0.0,0.0
2017-03-22,198198.0,0.0,0.0,0.0
2017-03-23,195713.0,13.0,0.0,0.0
2017-03-24,65404.0,0.0,13.0,0.0
2017-03-25,62748.0,0.0,0.0,13.0
2017-03-26,29013.0,0.0,0.0,0.0
2017-03-27,186449.0,0.0,0.0,0.0
2017-03-28,188465.0,0.0,0.0,0.0
2017-03-29,191485.0,0.3,0.0,0.0
2017-03-30,179154.0,0.0,0.3,0.0
2017-03-31,189876.0,0.0,0.0,0.3
2017-04-01,82881.0,9.0,0.0,0.0
2017-04-02,27956.0,0.0,9.0,0.0
2017-04-03,189446.0,0.0,0.0,9.0
2017-04-04,197076.0,0.0,0.0,0.0
2017-04-05,203085.0,0.0,0.0,0.0
2017-04-06,1.0,0.0,0.0,0.0
2017-04-07,203550.0,38.0,0.0,0.0
2017-04-08,69543.0,19.0,38.0,0.0
2017-04-09,25598.0,12.0,19.0,38.0
2017-04-10,190326.0,0.0,12.0,19.0
2017-04-11,201959.0,0.0,0.0,12.0
2017-04-12,202969.0,0.0,0.0,0.0
2017-04-13,74230.0,0.0,0.0,0.0
2017-04-14,39588.0,0.0,0.0,0.0
2017-04-15,59897.0,0.0,0.0,0.0
2017-04-16,29180.0,0.0,0.0,0.0
2017-04-17,184023.0,0.0,0.0,0.0
2017-04-18,191907.0,0.9,0.0,0.0
2017-04-19,197061.0,0.0,0.9,0.0
2017-04-20,193894.0,0.0,0.0,0.9
2017-04-21,191870.0,0.0,0.0,0.0
2017-04-22,76686.0,0.0,0.0,0.0
2017-04-23,34100.0,0.0,0.0,0.0
2017-04-24,188043.0,39.0,0.0,0.0
2017-04-25,182130.0,0.0,39.0,0.0
2017-04-26,190920.0,0.0,0.0,39.0
2017-04-27,195318.0,0.0,0.0,0.0
2017-04-28,191441.0,0.0,0.0,0.0
2017-04-29,77577.0,0.0,0.0,0.0
2017-04-30,38504.0,0.0,0.0,0.0
2017-05-01,31678.0,0.2,0.0,0.0
2017-05-02,192206.0,0.0,0.2,0.0
2017-05-03,195619.0,0.0,0.0,0.2
2017-05-04,196401.0,0.0,0.0,0.0
2017-05-05,198617.0,0.0,0.0,0.0
2017-05-06,78989.0,105.0,0.0,0.0
2017-05-07,28558.0,6.0,105.0,0.0
2017-05-08,179526.0,0.0,6.0,105.0
2017-05-09,198341.0,0.0,0.0,6.0
2017-05-10,201952.0,11.0,0.0,0.0
2017-05-11,193877.0,5.0,11.0,0.0
2017-05-12,187445.0,0.0,5.0,11.0
2017-05-13,74326.0,0.0,0.0,5.0
2017-05-14,24779.0,0.0,0.0,0.0
2017-05-15,188542.0,0.0,0.0,0.0
2017-05-16,195718.0,0.0,0.0,0.0
2017-05-17,196194.0,5.0,0.0,0.0
2017-05-18,188211.0,0.0,5.0,0.0
2017-05-19,188597.0,4.0,0.0,5.0
2017-05-20,71569.0,0.3,4.0,0.0
2017-05-21,30977.0,0.0,0.3,4.0
2017-05-22,191468.0,0.0,0.0,0.3
2017-05-23,198232.0,2.0,0.0,0.0
2017-05-24,196121.0,2.0,2.0,0.0
2017-05-25,34647.0,0.0,2.0,2.0
2017-05-26,188000.0,0.0,0.0,2.0
2017-05-27,73031.0,0.5,0.0,0.0
2017-05-28,29731.0,0.0,0.5,0.0
2017-05-29,185108.0,0.0,0.0,0.5
2017-05-30,192905.0,0.0,0.0,0.0
2017-05-31,191518.0,0.0,0.0,0.0
2017-06-01,191239.0,0.0,0.0,0.0
2017-06-02,190942.0,0.0,0.0,0.0
2017-06-03,80905.0,0.0,0.0,0.0
2017-06-04,31908.0,0.0,0.0,0.0
2017-06-05,187957.0,0.0,0.0,0.0
2017-06-06,193820.0,0.0,0.0,0.0
2017-06-07,195526.0,0.0,0.0,0.0
2017-06-08,194488.0,0.0,0.0,0.0
2017-06-09,192627.0,0.0,0.0,0.0
2017-06-10,79512.0,0.0,0.0,0.0
2017-06-11,34915.0,0.0,0.0,0.0
2017-06-12,189163.0,0.0,0.0,0.0
2017-06-13,191012.0,0.0,0.0,0.0
2017-06-14,197856.0,0.1,0.0,0.0
2017-06-15,184041.0,0.0,0.1,0.0
2017-06-16,193161.0,0.1,0.0,0.1
2017-06-17,62841.0,0.0,0.1,0.0
2017-06-18,29570.0,0.0,0.0,0.1
2017-06-19,185422.0,0.0,0.0,0.0
2017-06-20,38408.0,0.0,0.0,0.0
2017-06-21,194186.0,0.0,0.0,0.0
2017-06-22,192911.0,0.0,0.0,0.0
2017-06-23,189970.0,0.0,0.0,0.0
2017-06-24,73655.0,0.0,0.0,0.0
2017-06-25,32771.0,0.0,0.0,0.0
2017-06-26,187628.0,0.2,0.0,0.0
2017-06-27,177679.0,0.0,0.2,0.0
2017-06-28,197878.0,0.0,0.0,0.2
2017-06-29,193267.0,0.0,0.0,0.0
2017-06-30,193605.0,0.0,0.0,0.0
2017-07-01,79231.0,0.0,0.0,0.0
2017-07-02,34803.0,0.0,0.0,0.0
2017-07-03,190362.0,0.0,0.0,0.0
2017-07-04,196679.0,5.0,0.0,0.0
2017-07-05,181786.0,10.0,5.0,0.0
2017-07-06,191297.0,39.0,10.0,5.0
2017-07-07,191651.0,0.0,39.0,10.0
2017-07-08,75967.0,31.0,0.0,39.0
2017-07-09,27255.0,2.0,31.0,0.0
2017-07-10,189583.0,0.0,2.0,31.0
2017-07-11,198308.0,0.0,0.0,2.0
2017-07-12,185670.0,0.3,0.0,0.0
2017-07-13,196205.0,3.0,0.3,0.0
2017-07-14,189940.0,10.0,3.0,0.3
2017-07-15,72560.0,0.0,10.0,3.0
2017-07-16,35364.0,0.0,0.0,10.0
2017-07-17,172926.0,0.0,0.0,0.0
2017-07-18,177560.0,0.0,0.0,0.0
2017-07-19,174218.0,0.0,0.0,0.0
2017-07-20,177585.0,0.0,0.0,0.0
2017-07-21,167916.0,0.0,0.0,0.0
2017-07-22,72815.0,12.0,0.0,0.0
2017-07-23,38386.0,0.0,12.0,0.0
2017-07-24,158423.0,5.0,0.0,12.0
2017-07-25,167314.0,0.0,5.0,0.0
2017-07-26,165485.0,0.0,0.0,5.0
2017-07-27,163810.0,0.0,0.0,0.0
2017-07-28,170452.0,0.0,0.0,0.0
2017-07-29,72992.0,3.0,0.0,0.0
2017-07-30,29147.0,1.0,3.0,0.0
2017-07-31,175518.0,0.5,1.0,3.0
2017-08-01,180484.0,0.0,0.5,1.0
2017-08-02,186408.0,0.0,0.0,0.5
2017-08-03,189913.0,0.0,0.0,0.0
2017-08-04,191077.0,0.0,0.0,0.0
2017-08-05,80158.0,0.0,0.0,0.0
2017-08-06,39917.0,6.0,0.0,0.0
2017-08-07,197681.0,0.0,6.0,0.0
2017-08-08,191785.0,0.0,0.0,6.0
2017-08-09,196628.0,22.0,0.0,0.0
2017-08-10,200049.0,6.0,22.0,0.0
2017-08-11,189479.0,0.5,6.0,22.0
2017-08-12,72870.0,0.0,0.5,6.0
2017-08-13,36813.0,0.0,0.0,0.5
2017-08-14,191988.0,0.0,0.0,0.0
2017-08-15,180594.0,0.0,0.0,0.0
2017-08-16,200053.0,0.0,0.0,0.0
2017-08-17,197169.0,10.0,0.0,0.0
2017-08-18,200309.0,0.6,10.0,0.0
2017-08-19,74769.0,0.0,0.6,10.0
2017-08-20,44820.0,0.0,0.0,0.6
2017-08-21,37612.0,0.0,0.0,0.0
2017-08-22,195274.0,1.0,0.0,0.0
2017-08-23,199331.0,3.0,1.0,0.0
2017-08-24,197025.0,15.4,3.0,1.0
2017-08-25,184545.0,0.4,15.4,3.0
2017-08-26,77014.0,0.0,0.4,15.4
2017-08-27,35451.0,3.0,0.0,0.4
2017-08-28,194630.0,0.2,3.0,0.0
2017-08-29,189816.0,0.0,0.2,3.0
2017-08-30,193856.0,0.0,0.0,0.2
2017-08-31,195812.0,0.0,0.0,0.0
2017-09-01,201831.0,2.0,0.0,0.0
2017-09-02,77466.0,8.0,2.0,0.0
2017-09-03,27933.0,0.0,8.0,2.0
2017-09-04,189203.0,0.0,0.0,8.0
2017-09-05,198658.0,0.0,0.0,0.0
2017-09-06,197455.0,0.0,0.0,0.0
2017-09-07,199479.0,5.0,0.0,0.0
2017-09-08,194231.0,59.0,5.0,0.0
2017-09-09,67887.0,25.0,59.0,5.0
2017-09-10,24619.0,0.0,25.0,59.0
2017-09-11,183177.0,0.0,0.0,25.0
2017-09-12,200477.0,0.0,0.0,0.0
2017-09-13,197656.0,0.0,0.0,0.0
2017-09-14,197412.0,0.0,0.0,0.0
2017-09-15,197131.0,0.0,0.0,0.0
2017-09-16,80670.0,0.0,0.0,0.0
2017-09-17,43136.0,0.0,0.0,0.0
2017-09-18,195898.0,0.0,0.0,0.0
2017-09-19,198017.0,10.0,0.0,0.0
2017-09-20,198578.0,16.0,10.0,0.0
2017-09-21,166023.0,0.0,16.0,10.0
2017-09-22,194437.0,0.0,0.0,16.0
2017-09-23,80101.0,0.0,0.0,0.0
2017-09-24,37980.0,0.0,0.0,0.0
2017-09-25,187575.0,20.0,0.0,0.0
2017-09-26,192388.0,0.0,20.0,0.0
2017-09-27,195749.0,0.0,0.0,20.0
2017-09-28,196430.0,0.0,0.0,0.0
2017-09-29,198190.0,49.0,0.0,0.0
2017-09-30,78906.0,6.0,49.0,0.0
2017-10-01,40657.0,0.2,6.0,49.0
2017-10-02,190849.0,0.0,0.2,6.0
2017-10-03,201771.0,0.0,0.0,0.2
2017-10-04,208378.0,0.0,0.0,0.0
2017-10-05,202037.0,0.0,0.0,0.0
2017-10-06,203408.0,0.0,0.0,0.0
2017-10-07,91473.0,0.4,0.0,0.0
2017-10-08,36249.0,0.0,0.4,0.0
2017-10-09,189747.0,0.0,0.0,0.4
2017-10-10,202657.0,15.0,0.0,0.0
2017-10-11,203924.0,2.0,15.0,0.0
2017-10-12,197655.0,0.0,2.0,15.0
2017-10-13,202789.0,0.0,0.0,2.0
2017-10-14,82846.0,0.0,0.0,0.0
2017-10-15,35047.0,0.0,0.0,0.0
2017-10-16,38326.0,0.0,0.0,0.0
2017-10-17,195402.0,10.0,0.0,0.0
2017-10-18,197847.0,0.0,10.0,0.0
2017-10-19,203764.0,0.1,0.0,10.0
2017-10-20,202230.0,2.3,0.1,0.0
2017-10-21,79120.0,0.0,2.3,0.1
2017-10-22,36460.0,0.0,0.0,2.3
2017-10-23,192524.0,0.0,0.0,0.0
2017-10-24,199556.0,0.0,0.0,0.0
2017-10-25,200307.0,9.0,0.0,0.0
2017-10-26,200274.0,0.8,9.0,0.0
2017-10-27,190737.0,0.0,0.8,9.0
2017-10-28,80710.0,28.0,0.0,0.8
2017-10-29,36840.0,0.0,28.0,0.0
2017-10-30,194106.0,0.0,0.0,28.0
2017-10-31,201815.0,0.0,0.0,0.0
2017-11-01,207195.0,14.0,0.0,0.0
2017-11-02,192435.0,0.0,14.0,0.0
2017-11-03,204773.0,0.0,0.0,14.0
2017-11-04,72289.0,0.0,0.0,0.0
2017-11-05,36432.0,0.0,0.0,0.0
2017-11-06,182771.0,0.0,0.0,0.0
2017-11-07,203936.0,0.0,0.0,0.0
2017-11-08,205650.0,0.0,0.0,0.0
2017-11-09,207242.0,0.0,0.0,0.0
2017-11-10,203677.0,0.0,0.0,0.0
2017-11-11,80729.0,0.0,0.0,0.0
2017-11-12,38807.0,0.0,0.0,0.0
2017-11-13,193470.0,0.0,0.0,0.0
2017-11-14,199766.0,2.0,0.0,0.0
2017-11-15,200009.0,0.0,2.0,0.0
2017-11-16,202757.0,0.0,0.0,2.0
2017-11-17,199844.0,0.0,0.0,0.0
2017-11-18,89081.0,0.0,0.0,0.0
2017-11-19,41781.0,19.0,0.0,0.0
2017-11-20,29458.0,0.0,19.0,0.0
2017-11-21,196743.0,0.0,0.0,19.0
2017-11-22,198523.0,0.0,0.0,0.0
2017-11-23,202474.0,0.0,0.0,0.0
2017-11-24,196711.0,0.0,0.0,0.0
2017-11-25,81921.0,0.0,0.0,0.0
2017-11-26,38237.0,0.0,0.0,0.0
2017-11-27,190114.0,0.0,0.0,0.0
2017-11-28,198391.0,0.0,0.0,0.0
2017-11-29,194315.0,0.0,0.0,0.0
2017-11-30,196561.0,0.0,0.0,0.0
2017-12-01,197693.0,0.3,0.0,0.0
2017-12-02,78640.0,16.0,0.3,0.0
2017-12-03,31858.0,0.0,16.0,0.3
2017-12-04,188662.0,0.0,0.0,16.0
2017-12-05,206575.0,0.1,0.0,0.0
2017-12-06,210176.0,0.0,0.1,0.0
2017-12-07,215227.0,0.0,0.0,0.1
2017-12-08,46497.0,0.0,0.0,0.0
2017-12-09,65588.0,0.0,0.0,0.0
2017-12-10,30765.0,0.0,0.0,0.0
2017-12-11,199268.0,0.0,0.0,0.0
2017-12-12,206878.0,3.0,0.0,0.0
2017-12-13,210349.0,0.0,3.0,0.0
2017-12-14,191099.0,0.0,0.0,3.0
2017-12-15,165736.0,48.0,0.0,0.0
2017-12-16,73768.0,0.0,48.0,0.0
2017-12-17,46044.0,0.2,0.0,48.0
2017-12-18,116954.0,12.0,0.2,0.0
2017-12-19,87326.0,0.0,12.0,0.2
2017-12-20,213442.0,0.6,0.0,12.0
2017-12-21,209813.0,11.0,0.6,0.0
2017-12-22,196943.0,0.0,11.0,0.6
2017-12-23,75361.0,0.0,0.0,11.0
2017-12-24,26993.0,0.0,0.0,0.0
2017-12-25,16670.0,0.0,0.0,0.0
2017-12-26,165844.0,0.0,0.0,0.0
2017-12-27,174950.0,0.0,0.0,0.0
2017-12-28,189120.0,0.0,0.0,0.0
2017-12-29,155942.0,4.0,0.0,0.0
2017-12-30,54425.0,0.0,4.0,0.0
2017-12-31,22844.0,0.0,0.0,4.0
2018-01-01,18220.0,0.0,0.0,0.0
2018-01-02,174151.0,0.0,0.0,0.0
2018-01-03,188430.0,0.0,0.0,0.0
2018-01-04,187067.0,16.0,0.0,0.0
2018-01-05,181298.0,0.0,16.0,0.0
2018-01-06,74187.0,0.0,0.0,16.0
2018-01-07,33826.0,0.0,0.0,0.0
2018-01-08,187215.0,0.0,0.0,0.0
2018-01-09,190855.0,0.0,0.0,0.0
2018-01-10,189589.0,0.0,0.0,0.0
2018-01-11,185777.0,0.0,0.0,0.0
2018-01-12,176449.0,15.0,0.0,0.0
2018-01-13,66512.0,1.0,15.0,0.0
2018-01-14,30408.0,0.0,1.0,15.0
2018-01-15,184336.0,0.0,0.0,1.0
2018-01-16,184455.0,0.0,0.0,0.0
2018-01-17,183251.0,1.0,0.0,0.0
2018-01-18,186240.0,0.0,1.0,0.0
2018-01-19,182727.0,0.0,0.0,1.0
2018-01-20,70571.0,0.0,0.0,0.0
2018-01-21,39166.0,0.8,0.0,0.0
2018-01-22,173699.0,6.0,0.8,0.0
2018-01-23,177927.0,0.0,6.0,0.8
2018-01-24,186235.0,0.0,0.0,6.0
2018-01-25,185086.0,0.0,0.0,0.0
2018-01-26,179794.0,0.0,0.0,0.0
2018-01-27,69781.0,0.0,0.0,0.0
2018-01-28,33696.0,0.0,0.0,0.0
2018-01-29,177170.0,0.0,0.0,0.0
2018-01-30,187455.0,0.0,0.0,0.0
2018-01-31,187032.0,0.0,0.0,0.0
2018-02-01,194042.0,0.0,0.0,0.0
2018-02-02,193292.0,0.0,0.0,0.0
2018-02-03,75324.0,0.0,0.0,0.0
2018-02-04,38473.0,0.0,0.0,0.0
2018-02-05,193664.0,0.0,0.0,0.0
2018-02-06,205584.0,0.0,0.0,0.0
2018-02-07,198588.0,2.0,0.0,0.0
2018-02-08,200148.0,15.0,2.0,0.0
2018-02-09,183209.0,9.0,15.0,2.0
2018-02-10,73091.0,0.0,9.0,15.0
2018-02-11,36566.0,0.0,0.0,9.0
2018-02-12,40191.0,0.0,0.0,0.0
2018-02-13,39708.0,0.0,0.0,0.0
2018-02-14,205119.0,0.0,0.0,0.0
2018-02-15,207865.0,0.0,0.0,0.0
2018-02-16,205916.0,0.0,0.0,0.0
2018-02-17,71899.0,22.0,0.0,0.0
2018-02-18,32600.0,0.5,22.0,0.0
2018-02-19,194961.0,0.0,0.5,22.0
2018-02-20,208543.0,0.6,0.0,0.5
2018-02-21,199913.0,0.0,0.6,0.0
2018-02-22,221711.0,0.0,0.0,0.6
2018-02-23,212954.0,0.0,0.0,0.0
2018-02-24,78460.0,0.0,0.0,0.0
2018-02-25,36759.0,0.0,0.0,0.0
2018-02-26,212818.0,0.0,0.0,0.0
2018-02-27,216908.0,0.2,0.0,0.0
2018-02-28,221181.0,0.0,0.2,0.0
2018-03-01,221113.0,0.0,0.0,0.2
2018-03-02,222891.0,0.0,0.0,0.0
2018-03-03,87011.0,0.0,0.0,0.0
2018-03-04,40311.0,0.0,0.0,0.0
2018-03-05,228953.0,0.0,0.0,0.0
2018-03-06,235222.0,0.0,0.0,0.0
2018-03-07,237791.0,0.0,0.0,0.0
2018-03-08,257125.0,0.0,0.0,0.0
2018-03-09,239148.0,0.0,0.0,0.0
2018-03-10,96804.0,0.0,0.0,0.0
2018-03-11,42389.0,0.0,0.0,0.0
2018-03-12,237542.0,0.0,0.0,0.0
2018-03-13,225768.0,19.0,0.0,0.0
2018-03-14,234068.0,0.0,19.0,0.0
2018-03-15,243864.0,0.1,0.0,19.0
2018-03-16,242127.0,29.0,0.1,0.0
2018-03-17,93386.0,3.0,29.0,0.1
2018-03-18,36228.0,0.0,3.0,29.0
2018-03-19,219651.0,0.0,0.0,3.0
2018-03-20,248187.0,0.0,0.0,0.0
2018-03-21,236783.0,0.0,0.0,0.0
2018-03-22,249161.0,12.0,0.0,0.0
2018-03-23,244723.0,7.0,12.0,0.0
2018-03-24,99327.0,0.0,7.0,12.0
2018-03-25,39184.0,0.0,0.0,7.0
2018-03-26,250425.0,0.0,0.0,0.0
2018-03-27,249377.0,0.0,0.0,0.0
2018-03-28,258753.0,0.0,0.0,0.0
2018-03-29,101933.0,0.0,0.0,0.0
2018-03-30,47678.0,0.0,0.0,0.0
2018-03-31,74913.0,0.0,0.0,0.0
2018-04-01,37251.0,0.0,0.0,0.0
2018-04-02,41318.0,0.0,0.0,0.0
2018-04-03,245671.0,0.0,0.0,0.0
2018-04-04,252488.0,0.0,0.0,0.0
2018-04-05,258859.0,53.0,0.0,0.0
2018-04-06,207004.0,4.0,53.0,0.0
2018-04-07,95644.0,6.0,4.0,53.0
2018-04-08,37103.0,0.0,6.0,4.0
2018-04-09,260908.0,0.0,0.0,6.0
2018-04-10,269679.0,19.0,0.0,0.0
2018-04-11,257413.0,0.0,19.0,0.0
2018-04-12,262857.0,0.0,0.0,19.0
2018-04-13,255147.0,0.0,0.0,0.0
2018-04-14,106969.0,0.0,0.0,0.0
2018-04-15,47211.0,0.0,0.0,0.0
2018-04-16,237728.0,0.0,0.0,0.0
2018-04-17,234266.0,0.0,0.0,0.0
2018-04-18,258750.0,5.0,0.0,0.0
2018-04-19,272017.0,21.0,5.0,0.0
2018-04-20,252052.0,0.0,21.0,5.0
2018-04-21,102260.0,18.0,0.0,21.0
2018-04-22,46265.0,0.0,18.0,0.0
2018-04-23,253962.0,0.5,0.0,18.0
2018-04-24,263869.0,0.0,0.5,0.0
2018-04-25,263382.0,0.0,0.0,0.5
2018-04-26,264041.0,7.0,0.0,0.0
2018-04-27,262403.0,108.0,7.0,0.0
2018-04-28,87148.0,22.0,108.0,7.0
2018-04-29,30172.0,0.0,22.0,108.0
2018-04-30,79630.0,2.0,0.0,22.0
2018-05-01,35603.0,12.0,2.0,0.0
2018-05-02,243121.0,0.1,12.0,2.0
2018-05-03,257852.0,4.0,0.1,12.0
2018-05-04,257988.0,5.0,4.0,0.1
2018-05-05,100285.0,0.0,5.0,4.0
2018-05-06,44182.0,6.0,0.0,5.0
2018-05-07,216853.0,49.0,6.0,0.0
2018-05-08,242172.0,0.0,49.0,6.0
2018-05-09,271213.0,67.0,0.0,49.0
2018-05-10,244072.0,0.0,67.0,0.0
2018-05-11,263081.0,0.0,0.0,67.0
2018-05-12,109947.0,0.0,0.0,0.0
2018-05-13,46141.0,0.0,0.0,0.0
2018-05-14,249667.0,0.0,0.0,0.0
2018-05-15,260925.0,0.0,0.0,0.0
2018-05-16,147233.0,5.0,0.0,0.0
2018-05-17,251510.0,9.0,5.0,0.0
2018-05-18,250437.0,0.0,9.0,5.0
2018-05-19,106392.0,0.0,0.0,9.0
2018-05-20,47269.0,0.0,0.0,0.0
2018-05-21,248695.0,0.0,0.0,0.0
2018-05-22,100653.0,0.0,0.0,0.0
2018-05-23,228481.0,0.0,0.0,0.0
2018-05-24,258320.0,0.0,0.0,0.0
2018-05-25,68688.0,0.0,0.0,0.0
2018-05-26,95878.0,0.0,0.0,0.0
2018-05-27,43163.0,0.5,0.0,0.0
2018-05-28,239323.0,44.0,0.5,0.0
2018-05-29,248437.0,4.0,44.0,0.5
2018-05-30,242648.0,9.0,4.0,44.0
2018-05-31,255807.0,0.0,9.0,4.0
2018-06-01,252866.0,0.0,0.0,9.0
2018-06-02,108699.0,0.2,0.0,0.0
2018-06-03,48619.0,1.0,0.2,0.0
2018-06-04,263388.0,0.0,1.0,0.2
2018-06-05,239058.0,0.0,0.0,1.0
2018-06-06,260639.0,0.0,0.0,0.0
2018-06-07,264928.0,0.0,0.0,0.0
2018-06-08,262367.0,0.0,0.0,0.0
2018-06-09,114658.0,0.0,0.0,0.0
2018-06-10,43770.0,0.0,0.0,0.0
2018-06-11,255783.0,5.2,0.0,0.0
2018-06-12,251379.0,0.0,5.2,0.0
2018-06-13,297777.0,0.0,0.0,5.2
2018-06-14,231952.0,0.0,0.0,0.0
2018-06-15,264602.0,0.0,0.0,0.0
2018-06-16,90379.0,0.0,0.0,0.0
2018-06-17,42312.0,0.0,0.0,0.0
2018-06-18,254067.0,0.0,0.0,0.0
2018-06-19,271991.0,0.2,0.0,0.0
2018-06-20,55843.0,0.0,0.2,0.0
2018-06-21,247362.0,0.0,0.0,0.2
2018-06-22,264227.0,0.0,0.0,0.0
2018-06-23,106820.0,0.0,0.0,0.0
2018-06-24,35277.0,0.0,0.0,0.0
2018-06-25,3.0,0.0,0.0,0.0
2018-06-26,246545.0,0.0,0.0,0.0
2018-06-27,248279.0,0.0,0.0,0.0
2018-06-28,256525.0,0.0,0.0,0.0
2018-06-29,265473.0,0.0,0.0,0.0
2018-06-30,83985.0,0.3,0.0,0.0
2018-07-01,39101.0,0.0,0.3,0.0
2018-07-02,255330.0,0.0,0.0,0.3
2018-07-03,263000.0,0.0,0.0,0.0
2018-07-04,264970.0,0.0,0.0,0.0
2018-07-05,266812.0,11.0,0.0,0.0
2018-07-06,262070.0,7.0,11.0,0.0
2018-07-07,93336.0,0.0,7.0,11.0
2018-07-08,46487.0,0.0,0.0,7.0
2018-07-09,51821.0,0.0,0.0,0.0
2018-07-10,245316.0,0.0,0.0,0.0
2018-07-11,245668.0,0.0,0.0,0.0
2018-07-12,252964.0,0.0,0.0,0.0
2018-07-13,247768.0,0.0,0.0,0.0
2018-07-14,108023.0,0.0,0.0,0.0
2018-07-15,46455.0,0.0,0.0,0.0
2018-07-16,220229.0,0.5,0.0,0.0
2018-07-17,217100.0,16.0,0.5,0.0
2018-07-18,212445.0,24.0,16.0,0.5
2018-07-19,174693.0,0.4,24.0,16.0
2018-07-20,214863.0,0.0,0.4,24.0
2018-07-21,95820.0,0.0,0.0,0.4
2018-07-22,48837.0,0.0,0.0,0.0
2018-07-23,204137.0,0.0,0.0,0.0
2018-07-24,211292.0,44.0,0.0,0.0
2018-07-25,201286.0,2.0,44.0,0.0
2018-07-26,200615.0,2.0,2.0,44.0
2018-07-27,204952.0,18.0,2.0,2.0
2018-07-28,87512.0,0.1,18.0,2.0
2018-07-29,41179.0,0.0,0.1,18.0
2018-07-30,221754.0,0.0,0.0,0.1
2018-07-31,221346.0,0.0,0.0,0.0
2018-08-01,234411.0,0.0,0.0,0.0
2018-08-02,243560.0,0.5,0.0,0.0
2018-08-03,233216.0,0.0,0.5,0.0
2018-08-04,110185.0,0.0,0.0,0.5
2018-08-05,46576.0,0.0,0.0,0.0
2018-08-06,237367.0,12.0,0.0,0.0
2018-08-07,253091.0,10.0,12.0,0.0
2018-08-08,271429.0,0.0,10.0,12.0
2018-08-09,247469.0,0.0,0.0,10.0
2018-08-10,246553.0,0.0,0.0,0.0
2018-08-11,100117.0,0.0,0.0,0.0
2018-08-12,46990.0,6.0,0.0,0.0
2018-08-13,239425.0,0.0,6.0,0.0
2018-08-14,249601.0,0.0,0.0,6.0
2018-08-15,220471.0,0.0,0.0,0.0
2018-08-16,244659.0,0.0,0.0,0.0
2018-08-17,216108.0,11.0,0.0,0.0
2018-08-18,93833.0,0.1,11.0,0.0
2018-08-19,44714.0,0.0,0.1,11.0
2018-08-20,45103.0,0.0,0.0,0.1
2018-08-21,246394.0,0.0,0.0,0.0
2018-08-22,246265.0,0.0,0.0,0.0
2018-08-23,241484.0,0.7,0.0,0.0
2018-08-24,241037.0,0.0,0.7,0.0
2018-08-25,100053.0,0.0,0.0,0.7
2018-08-26,47754.0,0.0,0.0,0.0
2018-08-27,239057.0,0.0,0.0,0.0
2018-08-28,243365.0,0.0,0.0,0.0
2018-08-29,241386.0,14.0,0.0,0.0
2018-08-30,247713.0,0.0,14.0,0.0
2018-08-31,135454.0,0.0,0.0,14.0
2018-09-01,94518.0,0.0,0.0,0.0
2018-09-02,43788.0,0.0,0.0,0.0
2018-09-03,230211.0,0.0,0.0,0.0
2018-09-04,247203.0,0.0,0.0,0.0
2018-09-05,187513.0,0.0,0.0,0.0
2018-09-06,241028.0,0.0,0.0,0.0
2018-09-07,245880.0,0.0,0.0,0.0
2018-09-08,102764.0,4.0,0.0,0.0
2018-09-09,41855.0,0.0,4.0,0.0
2018-09-10,232361.0,0.0,0.0,4.0
2018-09-11,229983.0,0.0,0.0,0.0
2018-09-12,243008.0,0.0,0.0,0.0
2018-09-13,246717.0,0.0,0.0,0.0
2018-09-14,238159.0,11.0,0.0,0.0
2018-09-15,92192.0,0.7,11.0,0.0
2018-09-16,39054.0,0.0,0.7,11.0
2018-09-17,235400.0,28.0,0.0,0.7
2018-09-18,243209.0,0.0,28.0,0.0
2018-09-19,238418.0,0.0,0.0,28.0
2018-09-20,247529.0,0.0,0.0,0.0
2018-09-21,226206.0,0.0,0.0,0.0
2018-09-22,88121.0,0.0,0.0,0.0
2018-09-23,42171.0,0.0,0.0,0.0
2018-09-24,200810.0,0.0,0.0,0.0
2018-09-25,0.0,0.0,0.0,0.0
2018-09-26,246167.0,10.0,0.0,0.0
2018-09-27,242214.0,8.0,10.0,0.0
2018-09-28,244768.0,48.0,8.0,10.0
2018-09-29,68495.0,2.0,48.0,8.0
2018-09-30,37943.0,0.0,2.0,48.0
2018-10-01,238935.0,0.0,0.0,2.0
2018-10-02,237294.0,0.0,0.0,0.0
2018-10-03,244508.0,0.0,0.0,0.0
2018-10-04,253326.0,0.0,0.0,0.0
2018-10-05,249439.0,0.0,0.0,0.0
2018-10-06,126420.0,0.0,0.0,0.0
2018-10-07,46077.0,7.0,0.0,0.0
2018-10-08,236839.0,0.0,7.0,0.0
2018-10-09,247539.0,0.0,0.0,7.0
2018-10-10,245251.0,4.0,0.0,0.0
2018-10-11,239095.0,0.0,4.0,0.0
2018-10-12,238404.0,0.0,0.0,4.0
2018-10-13,96252.0,0.0,0.0,0.0
2018-10-14,46450.0,0.0,0.0,0.0
2018-10-15,45334.0,0.0,0.0,0.0
2018-10-16,242712.0,2.0,0.0,0.0
2018-10-17,241770.0,0.0,2.0,0.0
2018-10-18,245393.0,3.0,0.0,2.0
2018-10-19,245200.0,2.0,3.0,0.0
2018-10-20,97846.0,1.0,2.0,3.0
2018-10-21,37800.0,0.0,1.0,2.0
2018-10-22,229244.0,1.0,0.0,1.0
2018-10-23,246630.0,4.0,1.0,0.0
2018-10-24,230232.0,0.0,4.0,1.0
2018-10-25,251491.0,0.0,0.0,4.0
2018-10-26,247652.0,0.0,0.0,0.0
2018-10-27,98351.0,0.0,0.0,0.0
2018-10-28,51285.0,2.0,0.0,0.0
2018-10-29,232489.0,6.0,2.0,0.0
2018-10-30,231580.0,0.0,6.0,2.0
2018-10-31,58876.0,0.0,0.0,6.0
2018-11-01,246095.0,0.5,0.0,0.0
2018-11-02,239153.0,0.0,0.5,0.0
2018-11-03,100884.0,0.0,0.0,0.5
2018-11-04,48702.0,0.0,0.0,0.0
2018-11-05,236650.0,0.0,0.0,0.0
2018-11-06,230247.0,0.0,0.0,0.0
2018-11-07,251055.0,0.0,0.0,0.0
2018-11-08,247575.0,42.0,0.0,0.0
2018-11-09,246490.0,82.0,42.0,0.0
2018-11-10,54107.0,0.0,82.0,42.0
2018-11-11,36354.0,34.0,0.0,82.0
2018-11-12,229147.0,0.0,34.0,0.0
2018-11-13,234184.0,0.0,0.0,34.0
2018-11-14,234864.0,10.0,0.0,0.0
2018-11-15,248379.0,0.0,10.0,0.0
2018-11-16,237836.0,5.0,0.0,10.0
2018-11-17,108892.0,0.0,5.0,0.0
2018-11-18,48343.0,0.0,0.0,5.0
2018-11-19,50693.0,0.0,0.0,0.0
2018-11-20,245346.0,0.0,0.0,0.0
2018-11-21,252487.0,3.0,0.0,0.0
2018-11-22,230188.0,0.0,3.0,0.0
2018-11-23,237243.0,0.0,0.0,3.0
2018-11-24,88484.0,0.0,0.0,0.0
2018-11-25,39384.0,0.0,0.0,0.0
2018-11-26,242603.0,0.0,0.0,0.0
2018-11-27,216091.0,0.0,0.0,0.0
2018-11-28,254944.0,0.0,0.0,0.0
2018-11-29,170450.0,13.0,0.0,0.0
2018-11-30,0.0,0.0,13.0,0.0
2018-12-01,0.0,0.0,0.0,13.0
2018-12-02,33627.0,0.0,0.0,0.0
2018-12-03,242626.0,0.0,0.0,0.0
2018-12-04,243243.0,0.0,0.0,0.0
2018-12-05,255208.0,0.0,0.0,0.0
2018-12-06,254893.0,0.0,0.0,0.0
2018-12-07,246171.0,0.0,0.0,0.0
2018-12-08,91512.0,6.0,0.0,0.0
2018-12-09,43784.0,3.0,6.0,0.0
2018-12-10,242620.0,12.0,3.0,6.0
2018-12-11,227550.0,0.8,12.0,3.0
2018-12-12,251977.0,101.0,0.8,12.0
2018-12-13,218563.0,0.0,101.0,0.8
2018-12-14,244015.0,0.0,0.0,101.0
2018-12-15,112152.0,80.0,0.0,0.0
2018-12-16,46437.0,0.0,80.0,0.0
2018-12-17,224588.0,0.4,0.0,80.0
2018-12-18,259847.0,0.0,0.4,0.0
2018-12-19,253913.0,56.0,0.0,0.4
2018-12-20,208469.0,0.0,56.0,0.0
2018-12-21,262378.0,0.0,0.0,56.0
2018-12-22,117106.0,0.0,0.0,0.0
2018-12-23,50270.0,0.0,0.0,0.0
2018-12-24,65137.0,0.0,0.0,0.0
2018-12-25,19351.0,0.0,0.0,0.0
2018-12-26,206353.0,0.0,0.0,0.0
2018-12-27,216118.0,24.0,0.0,0.0
2018-12-28,203800.0,31.0,24.0,0.0
2018-12-29,71887.0,0.0,31.0,24.0
2018-12-30,36538.0,0.0,0.0,31.0
2018-12-31,51521.0,2.0,0.0,0.0
2019-01-01,16882.0,9.0,2.0,0.0
2019-01-02,162116.0,0.0,9.0,2.0
2019-01-03,189410.0,0.0,0.0,9.0
2019-01-04,191392.0,1.0,0.0,0.0
2019-01-05,72937.0,4.0,1.0,0.0
2019-01-06,29469.0,0.0,4.0,1.0
2019-01-07,185181.0,0.0,0.0,4.0
2019-01-08,185336.0,0.0,0.0,0.0
2019-01-09,188776.0,0.4,0.0,0.0
2019-01-10,193516.0,0.0,0.4,0.0
2019-01-11,190469.0,0.0,0.0,0.4
2019-01-12,73862.0,4.0,0.0,0.0
2019-01-13,26640.0,5.0,4.0,0.0
2019-01-14,178886.0,39.0,5.0,4.0
2019-01-15,169178.0,0.0,39.0,5.0
2019-01-16,188103.0,4.0,0.0,39.0
2019-01-17,186076.0,0.4,4.0,0.0
2019-01-18,183783.0,0.0,0.4,4.0
2019-01-19,62856.0,0.0,0.0,0.4
2019-01-20,35193.0,0.0,0.0,0.0
2019-01-21,177345.0,0.0,0.0,0.0
2019-01-22,183168.0,0.0,0.0,0.0
2019-01-23,179855.0,0.0,0.0,0.0
2019-01-24,181134.0,27.0,0.0,0.0
2019-01-25,166806.0,0.0,27.0,0.0
2019-01-26,68679.0,0.0,0.0,27.0
2019-01-27,33076.0,0.0,0.0,0.0
2019-01-28,175155.0,39.0,0.0,0.0
2019-01-29,171790.0,0.0,39.0,0.0
2019-01-30,181597.0,0.0,0.0,39.0
2019-01-31,92935.0,0.0,0.0,0.0
2019-02-01,193587.0,0.0,0.0,0.0
2019-02-02,72830.0,0.0,0.0,0.0
2019-02-03,36151.0,0.0,0.0,0.0
2019-02-04,194043.0,0.0,0.0,0.0
2019-02-05,196508.0,0.0,0.0,0.0
2019-02-06,200144.0,0.0,0.0,0.0
2019-02-07,201824.0,0.0,0.0,0.0
2019-02-08,191772.0,0.0,0.0,0.0
2019-02-09,70842.0,12.0,0.0,0.0
2019-02-10,32960.0,1.0,12.0,0.0
2019-02-11,184772.0,0.0,1.0,12.0
2019-02-12,206944.0,7.0,0.0,1.0
2019-02-13,206821.0,2.0,7.0,0.0
2019-02-14,198032.0,0.0,2.0,7.0
2019-02-15,193688.0,0.0,0.0,2.0
2019-02-16,74120.0,0.0,0.0,0.0
2019-02-17,34369.0,0.0,0.0,0.0
2019-02-18,195136.0,0.0,0.0,0.0
2019-02-19,201617.0,0.0,0.0,0.0
2019-02-20,192740.0,0.0,0.0,0.0
2019-02-21,192822.0,22.0,0.0,0.0
2019-02-22,192016.0,3.0,22.0,0.0
2019-02-23,66669.0,0.0,3.0,22.0
2019-02-24,35832.0,0.0,0.0,3.0
2019-02-25,201581.0,0.0,0.0,0.0
2019-02-26,208367.0,0.4,0.0,0.0
2019-02-27,200507.0,0.0,0.4,0.0
2019-02-28,210764.0,0.0,0.0,0.4
2019-03-01,153891.0,0.0,0.0,0.0
2019-03-02,77007.0,40.0,0.0,0.0
2019-03-03,35216.0,0.6,40.0,0.0
2019-03-04,39875.0,0.0,0.6,40.0
2019-03-05,43133.0,0.0,0.0,0.6
2019-03-06,218785.0,31.0,0.0,0.0
2019-03-07,222303.0,0.0,31.0,0.0
2019-03-08,248397.0,0.0,0.0,31.0
2019-03-09,87746.0,0.0,0.0,0.0
2019-03-10,37929.0,18.0,0.0,0.0
2019-03-11,228408.0,6.0,18.0,0.0
2019-03-12,220002.0,0.0,6.0,18.0
2019-03-13,231042.0,0.0,0.0,6.0
2019-03-14,234446.0,0.4,0.0,0.0
2019-03-15,229790.0,7.0,0.4,0.0
2019-03-16,90033.0,0.0,7.0,0.4
2019-03-17,40853.0,0.0,0.0,7.0
2019-03-18,231212.0,1.0,0.0,0.0
2019-03-19,236250.0,0.0,1.0,0.0
2019-03-20,233322.0,0.0,0.0,1.0
2019-03-21,242329.0,0.0,0.0,0.0
2019-03-22,237124.0,0.0,0.0,0.0
2019-03-23,90814.0,0.0,0.0,0.0
2019-03-24,66450.0,0.0,0.0,0.0
2019-03-25,241292.0,0.0,0.0,0.0
2019-03-26,240953.0,0.0,0.0,0.0
2019-03-27,241615.0,0.0,0.0,0.0
2019-03-28,246137.0,0.0,0.0,0.0
2019-03-29,239656.0,0.0,0.0,0.0
2019-03-30,92141.0,0.0,0.0,0.0
2019-03-31,39070.0,0.0,0.0,0.0
2019-04-01,237263.0,0.0,0.0,0.0
2019-04-02,47161.0,0.0,0.0,0.0
2019-04-03,250536.0,12.0,0.0,0.0
2019-04-04,239459.0,0.0,12.0,0.0
2019-04-05,256044.0,0.0,0.0,12.0
2019-04-06,99844.0,0.0,0.0,0.0
2019-04-07,42647.0,0.0,0.0,0.0
2019-04-08,249208.0,0.0,0.0,0.0
2019-04-09,253056.0,10.0,0.0,0.0
2019-04-10,248015.0,0.0,10.0,0.0
2019-04-11,249626.0,0.0,0.0,10.0
2019-04-12,248081.0,0.0,0.0,0.0
2019-04-13,103069.0,0.0,0.0,0.0
2019-04-14,42094.0,0.0,0.0,0.0
2019-04-15,242146.0,0.0,0.0,0.0
2019-04-16,248504.0,0.0,0.0,0.0
2019-04-17,250095.0,0.0,0.0,0.0
2019-04-18,96680.0,0.0,0.0,0.0
2019-04-19,48072.0,0.0,0.0,0.0
2019-04-20,73887.0,0.0,0.0,0.0
2019-04-21,34946.0,0.0,0.0,0.0
2019-04-22,229814.0,0.0,0.0,0.0
2019-04-23,242333.0,0.0,0.0,0.0
2019-04-24,245425.0,8.0,0.0,0.0
2019-04-25,244976.0,21.0,8.0,0.0
2019-04-26,229858.0,0.2,21.0,8.0
2019-04-27,88459.0,0.0,0.2,21.0
2019-04-28,39978.0,0.0,0.0,0.2
2019-04-29,247842.0,0.0,0.0,0.0
2019-05-02,254507.0,0.0,0.0,0.0
2019-05-03,251873.0,0.4,0.0,0.0
2019-05-04,105275.0,24.0,0.4,0.0
2019-05-05,30744.0,0.0,24.0,0.4
2019-05-06,242357.0,1.0,0.0,24.0
2019-05-07,250806.0,0.0,1.0,0.0
2019-05-08,241366.0,24.0,0.0,1.0
2019-05-09,233454.0,0.0,24.0,0.0
2019-05-10,248286.0,0.0,0.0,24.0
2019-05-11,107016.0,0.0,0.0,0.0
2019-05-12,43779.0,0.0,0.0,0.0
2019-05-13,238595.0,0.0,0.0,0.0
2019-05-14,245782.0,0.0,0.0,0.0
2019-05-15,238255.0,0.0,0.0,0.0
2019-05-16,246789.0,0.0,0.0,0.0
2019-05-17,241631.0,7.0,0.0,0.0
2019-05-18,101653.0,0.0,7.0,0.0
2019-05-19,40489.0,19.0,0.0,7.0
2019-05-20,238411.0,0.0,19.0,0.0
2019-05-21,241343.0,0.0,0.0,19.0
2019-05-22,246434.0,0.0,0.0,0.0
2019-05-23,252527.0,0.0,0.0,0.0
2019-05-24,246571.0,0.0,0.0,0.0
2019-05-25,53586.0,0.0,0.0,0.0
2019-05-26,42790.0,0.0,0.0,0.0
2019-05-27,239886.0,0.0,0.0,0.0
2019-05-28,267280.0,0.0,0.0,0.0
2019-05-30,245992.0,0.0,0.0,0.0
2019-05-31,244175.0,0.0,0.0,0.0
2019-06-01,98322.0,0.0,0.0,0.0
2019-06-02,43513.0,0.0,0.0,0.0
2019-06-03,248217.0,0.0,0.0,0.0
2019-06-04,244471.0,0.0,0.0,0.0
2019-06-05,238407.0,1.0,0.0,0.0
2019-06-06,247317.0,0.0,1.0,0.0
2019-06-07,244677.0,0.0,0.0,1.0
2019-06-08,110233.0,0.0,0.0,0.0
2019-06-09,44825.0,0.0,0.0,0.0
2019-06-10,238488.0,2.0,0.0,0.0
2019-06-11,241532.0,0.0,2.0,0.0
2019-06-12,243931.0,7.0,0.0,2.0
2019-06-13,231588.0,8.0,7.0,0.0
2019-06-14,245122.0,50.0,8.0,7.0
2019-06-15,77996.0,28.0,50.0,8.0
2019-06-16,9140.0,71.4,28.0,50.0
2019-06-17,30103.0,0.0,71.4,28.0
2019-06-18,230702.0,0.0,0.0,71.4
2019-06-19,251445.0,0.0,0.0,0.0
2019-06-20,51447.0,0.0,0.0,0.0
2019-06-21,243928.0,0.0,0.0,0.0
2019-06-22,99144.0,0.0,0.0,0.0
2019-06-23,36227.0,9.0,0.0,0.0
2019-06-24,232335.0,0.0,9.0,0.0
2019-06-25,236703.0,0.0,0.0,9.0
2019-06-26,233470.0,0.0,0.0,0.0
2019-06-27,227216.0,1.0,0.0,0.0
2019-06-28,239168.0,2.0,1.0,0.0
2019-06-29,96538.0,0.0,2.0,1.0
2019-06-30,39126.0,0.0,0.0,2.0
2019-07-01,237818.0,0.0,0.0,0.0
2019-07-02,233668.0,0.0,0.0,0.0
2019-07-03,239478.0,0.0,0.0,0.0
2019-07-04,245221.0,0.0,0.0,0.0
2019-07-05,245431.0,0.0,0.0,0.0
2019-07-06,106705.0,0.0,0.0,0.0
2019-07-07,45082.0,0.0,0.0,0.0
2019-07-08,89172.0,0.0,0.0,0.0
2019-07-09,47275.0,0.0,0.0,0.0
2019-07-10,252004.0,44.0,0.0,0.0
2019-07-11,254754.0,0.3,44.0,0.0
2019-07-12,243479.0,0.0,0.3,44.0
2019-07-13,108905.0,0.0,0.0,0.3
2019-07-14,50998.0,0.0,0.0,0.0
2019-07-15,243287.0,0.0,0.0,0.0
2019-07-16,242787.0,0.0,0.0,0.0
2019-07-17,246433.0,0.2,0.0,0.0
2019-07-18,243036.0,0.0,0.2,0.0
2019-07-19,247604.0,0.3,0.0,0.2
2019-07-20,102610.0,11.0,0.3,0.0
2019-07-21,42834.0,0.0,11.0,0.3
2019-07-22,213470.0,0.0,0.0,11.0
2019-07-23,213519.0,0.0,0.0,0.0
2019-07-24,215918.0,19.0,0.0,0.0
2019-07-25,206882.0,0.7,19.0,0.0
2019-07-26,201988.0,0.0,0.7,19.0
2019-07-27,102159.0,0.0,0.0,0.7
2019-07-28,48624.0,0.0,0.0,0.0
2019-07-29,202813.0,0.0,0.0,0.0
2019-07-30,210102.0,0.0,0.0,0.0
2019-07-31,213106.0,0.0,0.0,0.0
2019-08-01,216265.0,0.0,0.0,0.0
2019-08-02,218528.0,0.0,0.0,0.0
2019-08-03,100352.0,0.0,0.0,0.0
2019-08-04,46661.0,0.0,0.0,0.0
2019-08-05,233599.0,0.0,0.0,0.0
2019-08-06,242373.0,0.0,0.0,0.0
2019-08-07,254933.0,7.0,0.0,0.0
2019-08-08,246878.0,7.0,7.0,0.0
2019-08-09,230931.0,0.0,7.0,7.0
2019-08-10,99400.0,0.0,0.0,7.0
2019-08-11,45254.0,0.0,0.0,0.0
2019-08-12,238434.0,0.0,0.0,0.0
2019-08-13,242580.0,0.0,0.0,0.0
2019-08-14,232617.0,0.0,0.0,0.0
2019-08-15,214789.0,12.0,0.0,0.0
2019-08-16,250393.0,20.0,12.0,0.0
2019-08-17,75625.0,0.0,20.0,12.0
2019-08-18,48825.0,0.0,0.0,20.0
2019-08-19,74065.0,0.0,0.0,0.0
2019-08-20,239061.0,0.0,0.0,0.0
2019-08-21,230443.0,0.0,0.0,0.0
2019-08-22,248446.0,0.0,0.0,0.0
2019-08-23,244221.0,0.0,0.0,0.0
2019-08-24,101564.0,0.0,0.0,0.0
2019-08-25,40728.0,0.0,0.0,0.0
2019-08-26,237792.0,0.0,0.0,0.0
2019-08-27,243574.0,3.0,0.0,0.0
2019-08-28,234284.0,0.0,3.0,0.0
2019-08-29,241646.0,0.0,0.0,3.0
2019-08-30,240007.0,0.0,0.0,0.0
2019-08-31,99147.0,0.0,0.0,0.0
2019-09-01,45061.0,0.0,0.0,0.0
2019-09-02,236755.0,0.0,0.0,0.0
2019-09-03,241818.0,0.0,0.0,0.0
2019-09-04,251411.0,0.0,0.0,0.0
2019-09-05,247579.0,0.0,0.0,0.0
2019-09-06,175111.0,0.0,0.0,0.0
2019-09-07,106273.0,0.9,0.0,0.0
2019-09-08,42410.0,23.0,0.9,0.0
2019-09-09,225117.0,0.0,23.0,0.9
2019-09-10,248948.0,0.0,0.0,23.0
2019-09-11,235965.0,0.0,0.0,0.0
2019-09-12,246562.0,0.0,0.0,0.0
2019-09-13,248348.0,0.0,0.0,0.0
2019-09-14,100898.0,0.0,0.0,0.0
2019-09-15,50082.0,0.0,0.0,0.0
2019-09-16,239297.0,0.0,0.0,0.0
2019-09-17,235819.0,0.0,0.0,0.0
2019-09-18,247592.0,0.0,0.0,0.0
2019-09-19,245246.0,0.0,0.0,0.0
2019-09-20,241721.0,0.0,0.0,0.0
2019-09-21,99789.0,0.0,0.0,0.0
2019-09-22,46077.0,0.0,0.0,0.0
2019-09-23,224830.0,0.0,0.0,0.0
2019-09-24,234531.0,0.0,0.0,0.0
2019-09-25,241040.0,0.0,0.0,0.0
2019-09-26,243182.0,0.0,0.0,0.0
2019-09-27,246081.0,0.0,0.0,0.0
2019-09-28,99708.0,0.0,0.0,0.0
2019-09-29,49235.0,45.0,0.0,0.0
2019-09-30,225924.0,0.1,45.0,0.0
2019-10-01,225507.0,0.0,0.1,45.0
2019-10-02,253061.0,4.0,0.0,0.1
2019-10-03,251502.0,3.0,4.0,0.0
2019-10-04,250319.0,0.0,3.0,4.0
2019-10-05,114316.0,0.0,0.0,3.0
2019-10-06,52116.0,0.0,0.0,0.0
2019-10-07,254242.0,0.0,0.0,0.0
2019-10-08,256705.0,11.0,0.0,0.0
2019-10-09,248035.0,24.0,11.0,0.0
2019-10-10,249686.0,59.0,24.0,11.0
2019-10-11,230690.0,27.0,59.0,24.0
2019-10-12,45378.0,0.0,27.0,59.0
2019-10-13,49018.0,0.0,0.0,27.0
2019-10-14,75947.0,11.0,0.0,0.0
2019-10-15,249300.0,2.0,11.0,0.0
2019-10-16,250294.0,35.0,2.0,11.0
2019-10-17,230792.0,0.0,35.0,2.0
2019-10-18,261769.0,0.0,0.0,35.0
2019-10-19,130852.0,1.0,0.0,0.0
2019-10-20,43752.0,0.0,1.0,0.0
2019-10-21,238227.0,0.0,0.0,1.0
2019-10-22,246546.0,0.0,0.0,0.0
2019-10-23,249524.0,0.0,0.0,0.0
2019-10-24,253945.0,0.0,0.0,0.0
2019-10-25,251646.0,0.4,0.0,0.0
2019-10-26,95272.0,7.0,0.4,0.0
2019-10-27,42933.0,0.9,7.0,0.4
2019-10-28,224097.0,0.0,0.9,7.0
2019-10-29,246889.0,0.0,0.0,0.9
2019-10-30,238982.0,0.0,0.0,0.0
2019-10-31,252379.0,0.3,0.0,0.0
2019-11-01,244159.0,0.0,0.3,0.0
2019-11-02,95050.0,4.0,0.0,0.3
2019-11-03,49027.0,43.3,4.0,0.0
2019-11-04,226846.0,0.0,43.3,4.0
2019-11-05,250496.0,0.0,0.0,43.3
2019-11-06,238214.0,0.0,0.0,0.0
2019-11-07,256587.0,1.0,0.0,0.0
2019-11-08,250256.0,0.4,1.0,0.0
2019-11-09,105554.0,0.0,0.4,1.0
2019-11-10,46009.0,0.0,0.0,0.4
2019-11-11,243518.0,0.0,0.0,0.0
2019-11-12,252150.0,0.0,0.0,0.0
2019-11-13,245573.0,0.0,0.0,0.0
2019-11-14,250040.0,0.0,0.0,0.0
2019-11-15,246883.0,4.0,0.0,0.0
2019-11-16,95247.0,0.0,4.0,0.0
2019-11-17,48610.0,17.0,0.0,4.0
2019-11-18,52241.0,0.0,17.0,0.0
2019-11-19,246693.0,0.0,0.0,17.0
2019-11-20,199559.0,12.0,0.0,0.0
2019-11-21,249712.0,0.0,12.0,0.0
2019-11-22,246721.0,0.0,0.0,12.0
2019-11-23,100424.0,0.0,0.0,0.0
2019-11-24,42861.0,7.0,0.0,0.0
2019-11-25,225487.0,0.0,7.0,0.0
2019-11-26,240688.0,0.0,0.0,7.0
2019-11-27,242755.0,0.0,0.0,0.0
2019-11-28,248177.0,5.0,0.0,0.0
2019-11-29,246527.0,0.0,5.0,0.0
2019-11-30,99303.0,0.0,0.0,5.0
2019-12-01,44948.0,0.0,0.0,0.0
2019-12-02,230281.0,2.0,0.0,0.0
2019-12-03,218761.0,0.0,2.0,0.0
2019-12-04,219613.0,0.0,0.0,2.0
2019-12-05,244320.0,0.0,0.0,0.0
2019-12-06,238659.0,0.0,0.0,0.0
2019-12-07,115726.0,0.0,0.0,0.0
2019-12-08,44030.0,0.0,0.0,0.0
2019-12-09,237272.0,0.0,0.0,0.0
2019-12-10,239534.0,7.0,0.0,0.0
2019-12-11,230070.0,0.0,7.0,0.0
2019-12-12,244213.0,0.0,0.0,7.0
2019-12-13,236964.0,3.0,0.0,0.0
2019-12-14,102791.0,5.0,3.0,0.0
2019-12-15,40947.0,0.0,5.0,3.0
2019-12-16,247805.0,0.0,0.0,5.0
2019-12-17,260030.0,0.0,0.0,0.0
2019-12-18,246771.0,0.0,0.0,0.0
2019-12-19,251361.0,12.0,0.0,0.0
2019-12-20,242640.0,0.0,12.0,0.0
2019-12-21,124178.0,0.0,0.0,12.0
2019-12-22,52344.0,0.0,0.0,0.0
2019-12-23,239359.0,0.0,0.0,0.0
2019-12-24,75393.0,7.0,0.0,0.0
2019-12-25,19305.0,48.0,7.0,0.0
2019-12-26,202283.0,0.0,48.0,7.0
2019-12-27,205665.0,7.0,0.0,48.0
2019-12-28,78033.0,0.7,7.0,0.0
2019-12-29,34934.0,51.0,0.7,7.0
2019-12-30,167266.0,0.0,51.0,0.7
2019-12-31,59460.0,1.0,0.0,51.0
